{
	"info": {
		"_postman_id": "52323615-1643-46fa-bd70-8577f732dc07",
		"name": "Account Tools API",
		"schema": "https://schema.getpostman.com/json/collection/v2.0.0/collection.json",
		"_exporter_id": "23389875",
		"_collection_link": "https://msr-cosmos.postman.co/workspace/Timesheet~24d1fdf5-23b1-4123-8405-c20ac5a1bdef/collection/25371995-52323615-1643-46fa-bd70-8577f732dc07?action=share&source=collection_link&creator=23389875"
	},
	"item": [
		{
			"name": "Timesheets-API - Account Tools API - Get Date Timesheet Hours Including No Entries",
			"request": {
				"method": "POST",
				"header": [
					{
						"key": "Content-Type",
						"value": "application/json",
						"type": "text"
					}
				],
				"body": {
					"mode": "raw",
					"raw": "{\r\n\"org_id\": 255,\r\n\"start_date\": \"2023-06-01\",\r\n\"end_date\":  \"2023-06-15\"\r\n//\"ecdb_user_id\": 2624 // optional (to get single user's data)\r\n//\"placement_project_id\": 3182 // optional (to get single project's data - need to pass along with ecdb_user_id)\r\n}"
				},
				"url": "{{baseurl}}/api/v1/accounting_tools/gettimesheethoursincludingnorecords"
			},
			"response": []
		}
	]
}