{
	"info": {
		"_postman_id": "4ad3cdd3-adb4-4bd9-9aa4-75b0cb17dd03",
		"name": "ADP Verification Service",
		"schema": "https://schema.getpostman.com/json/collection/v2.0.0/collection.json",
		"_exporter_id": "23389875",
		"_collection_link": "https://msr-cosmos.postman.co/workspace/Timesheet~24d1fdf5-23b1-4123-8405-c20ac5a1bdef/collection/25371995-4ad3cdd3-adb4-4bd9-9aa4-75b0cb17dd03?action=share&source=collection_link&creator=23389875"
	},
	"item": [
		{
			"name": "Get ADP Details",
			"request": {
				"auth": {
					"type": "bearer",
					"bearer": {
						"token": "{{token}}"
					}
				},
				"method": "GET",
				"header": [],
				"url": {
					"raw": "{{baseurl}}/api/v1/user2/get_adpworkerid_details?workerid=Z87P5YM1V",
					"host": [
						"{{baseurl}}"
					],
					"path": [
						"api",
						"v1",
						"user2",
						"get_adpworkerid_details"
					],
					"query": [
						{
							"key": "workerid",
							"value": "Z87P5YM1V"
						}
					]
				}
			},
			"response": []
		}
	]
}