{
	"info": {
		"_postman_id": "76fcf6a4-7c03-47f4-b64f-0eb0ab46c53e",
		"name": "annoucements",
		"schema": "https://schema.getpostman.com/json/collection/v2.0.0/collection.json",
		"_exporter_id": "23389875",
		"_collection_link": "https://msr-cosmos.postman.co/workspace/Timesheet~24d1fdf5-23b1-4123-8405-c20ac5a1bdef/collection/23389875-76fcf6a4-7c03-47f4-b64f-0eb0ab46c53e?action=share&source=collection_link&creator=23389875"
	},
	"item": [
		{
			"name": "getallannoucements",
			"request": {
				"auth": {
					"type": "bearer",
					"bearer": {
						"token": "{{token}}"
					}
				},
				"method": "GET",
				"header": [],
				"url": {
					"raw": "{{baseurl}}/api/v1/annoucements/getallannoucements?pagenumber=1&pagesize=5",
					"host": [
						"{{baseurl}}"
					],
					"path": [
						"api",
						"v1",
						"annoucements",
						"getallannoucements"
					],
					"query": [
						{
							"key": "pagenumber",
							"value": "1"
						},
						{
							"key": "pagesize",
							"value": "5"
						}
					]
				}
			},
			"response": []
		},
		{
			"name": "get_latest_announcement",
			"request": {
				"auth": {
					"type": "bearer",
					"bearer": {
						"token": "{{token}}"
					}
				},
				"method": "GET",
				"header": [],
				"url": "{{baseurl}}/api/v1/annoucements/get_latest_announcement"
			},
			"response": []
		},
		{
			"name": "get_annoucement_by_id",
			"request": {
				"auth": {
					"type": "bearer",
					"bearer": {
						"token": "{{token}}"
					}
				},
				"method": "GET",
				"header": [],
				"url": {
					"raw": "{{baseurl}}/api/v1/annoucements/get_annoucement_by_id?id=4",
					"host": [
						"{{baseurl}}"
					],
					"path": [
						"api",
						"v1",
						"annoucements",
						"get_annoucement_by_id"
					],
					"query": [
						{
							"key": "id",
							"value": "4"
						}
					]
				}
			},
			"response": []
		},
		{
			"name": "insert_annoucement",
			"request": {
				"auth": {
					"type": "bearer",
					"bearer": {
						"token": "{{token}}"
					}
				},
				"method": "POST",
				"header": [],
				"body": {
					"mode": "raw",
					"raw": "{\r\n       \"title\":\"anncouncement-1\",\r\n       \"description\":\"anncouncement-1\",\r\n       \"pulish_date\":\"2023-03-01\"\r\n}",
					"options": {
						"raw": {
							"language": "json"
						}
					}
				},
				"url": "{{baseurl}}/api/v1/annoucements/insert_annoucement"
			},
			"response": []
		},
		{
			"name": "update_annoucement",
			"request": {
				"auth": {
					"type": "bearer",
					"bearer": {
						"token": "{{token}}"
					}
				},
				"method": "PUT",
				"header": [],
				"body": {
					"mode": "raw",
					"raw": "{\r\n        \"id\":2,\r\n       \"title\":\"anncouncement-2\",\r\n       \"description\":\"anncouncement-2\",\r\n       \"pulish_date\":\"2023-03-01\"\r\n}",
					"options": {
						"raw": {
							"language": "json"
						}
					}
				},
				"url": "{{baseurl}}/api/v1/annoucements/update_annoucement"
			},
			"response": []
		},
		{
			"name": "delete_annoucement",
			"request": {
				"auth": {
					"type": "bearer",
					"bearer": {
						"token": "{{token}}"
					}
				},
				"method": "PUT",
				"header": [],
				"body": {
					"mode": "raw",
					"raw": "{\r\n    \"id\":2\r\n}",
					"options": {
						"raw": {
							"language": "json"
						}
					}
				},
				"url": "{{baseurl}}/api/v1/annoucements/delete_annoucement"
			},
			"response": []
		},
		{
			"name": "mark_as_read",
			"request": {
				"auth": {
					"type": "bearer",
					"bearer": {
						"token": "{{token}}"
					}
				},
				"method": "POST",
				"header": [],
				"body": {
					"mode": "raw",
					"raw": "{\r\n\"id\":2\r\n}",
					"options": {
						"raw": {
							"language": "json"
						}
					}
				},
				"url": "{{baseurl}}/api/v1/annoucements/mark_as_read"
			},
			"response": []
		}
	]
}