{
	"info": {
		"_postman_id": "ba290826-2f47-45a1-b833-012bef13e1a3",
		"name": "Authorization",
		"schema": "https://schema.getpostman.com/json/collection/v2.0.0/collection.json",
		"_exporter_id": "23389875",
		"_collection_link": "https://msr-cosmos.postman.co/workspace/Timesheet~24d1fdf5-23b1-4123-8405-c20ac5a1bdef/collection/16844087-ba290826-2f47-45a1-b833-012bef13e1a3?action=share&source=collection_link&creator=23389875"
	},
	"item": [
		{
			"name": "generate token",
			"request": {
				"method": "POST",
				"header": [
					{
						"warning": "This is a duplicate header and will be overridden by the Content-Type header generated by Postman.",
						"key": "Content-Type",
						"value": "application/json",
						"type": "text"
					}
				],
				"body": {
					"mode": "raw",
					"raw": "{\r\n  \"email\": \"testemployee@yopmail.com\",\r\n  \"organizationId\": 255\r\n}"
				},
				"url": "{{baseurl}}/api/v1/index/token"
			},
			"response": []
		},
		{
			"name": "logout",
			"protocolProfileBehavior": {
				"disableBodyPruning": true
			},
			"request": {
				"auth": {
					"type": "bearer",
					"bearer": {
						"token": "{{token}}"
					}
				},
				"method": "GET",
				"header": [
					{
						"warning": "This is a duplicate header and will be overridden by the Content-Type header generated by Postman.",
						"key": "Content-Type",
						"value": "application/json",
						"type": "text"
					}
				],
				"body": {
					"mode": "raw",
					"raw": ""
				},
				"url": "{{baseurl}}/api/v1/index/logout"
			},
			"response": []
		},
		{
			"name": "verifytoken",
			"request": {
				"auth": {
					"type": "bearer",
					"bearer": {
						"token": "{{token}}"
					}
				},
				"method": "POST",
				"header": [],
				"url": "https://timesheets-uat.msrcosmos.com/api/v1/index/verifytoken"
			},
			"response": []
		},
		{
			"name": "Forgot Password - Check User By Email",
			"protocolProfileBehavior": {
				"disableBodyPruning": true
			},
			"request": {
				"method": "GET",
				"header": [
					{
						"warning": "This is a duplicate header and will be overridden by the Content-Type header generated by Postman.",
						"key": "Content-Type",
						"value": "application/json",
						"type": "text"
					}
				],
				"body": {
					"mode": "raw",
					"raw": ""
				},
				"url": {
					"raw": "{{baseurl}}/api/v1/index/check_user_by_email?email=testemployee@yopmail.com",
					"host": [
						"{{baseurl}}"
					],
					"path": [
						"api",
						"v1",
						"index",
						"check_user_by_email"
					],
					"query": [
						{
							"key": "email",
							"value": "testemployee@yopmail.com"
						}
					]
				}
			},
			"response": []
		}
	]
}