{
	"info": {
		"_postman_id": "6562c0a8-575a-4137-b078-4f23bad3c7e9",
		"name": "azure blob",
		"schema": "https://schema.getpostman.com/json/collection/v2.0.0/collection.json",
		"_exporter_id": "23389875",
		"_collection_link": "https://msr-cosmos.postman.co/workspace/Timesheet~24d1fdf5-23b1-4123-8405-c20ac5a1bdef/collection/25371995-6562c0a8-575a-4137-b078-4f23bad3c7e9?action=share&source=collection_link&creator=23389875"
	},
	"item": [
		{
			"name": "getorganization",
			"request": {
				"method": "POST",
				"header": [],
				"body": {
					"mode": "formdata",
					"formdata": [
						{
							"key": "blobName",
							"value": "logo/c3071c30-a2ca-11ed-960f-e398a299ec1bamazon (1) (1).png",
							"type": "text"
						},
						{
							"key": "org_id",
							"value": "255",
							"type": "text"
						}
					]
				},
				"url": "{{baseurl}}/api/v1/azureblob/getbloburl"
			},
			"response": []
		}
	]
}