{
	"info": {
		"_postman_id": "3b0ecc46-6b83-4dc8-928a-b7fe49280c8f",
		"name": "COUNTRY-STATES-CITIES",
		"schema": "https://schema.getpostman.com/json/collection/v2.0.0/collection.json",
		"_exporter_id": "23389875",
		"_collection_link": "https://msr-cosmos.postman.co/workspace/Timesheet~24d1fdf5-23b1-4123-8405-c20ac5a1bdef/collection/23389875-3b0ecc46-6b83-4dc8-928a-b7fe49280c8f?action=share&source=collection_link&creator=23389875"
	},
	"item": [
		{
			"name": "getallcountries",
			"request": {
				"auth": {
					"type": "bearer",
					"bearer": {
						"token": "{{token}}"
					}
				},
				"method": "GET",
				"header": [],
				"url": "{{baseurl}}/api/v1/countrystatecity/getallcountries"
			},
			"response": []
		},
		{
			"name": "get_states_by_country_id",
			"request": {
				"auth": {
					"type": "bearer",
					"bearer": {
						"token": "{{token}}"
					}
				},
				"method": "GET",
				"header": [],
				"url": {
					"raw": "{{baseurl}}/api/v1/countrystatecity/get_states_by_country_id?country_id=101",
					"host": [
						"{{baseurl}}"
					],
					"path": [
						"api",
						"v1",
						"countrystatecity",
						"get_states_by_country_id"
					],
					"query": [
						{
							"key": "country_id",
							"value": "101"
						}
					]
				}
			},
			"response": []
		},
		{
			"name": "get_cities_by_state_id",
			"request": {
				"auth": {
					"type": "bearer",
					"bearer": {
						"token": "{{token}}"
					}
				},
				"method": "GET",
				"header": [],
				"url": {
					"raw": "{{baseurl}}/api/v1/countrystatecity/get_cities_by_state_id?state_id=4037",
					"host": [
						"{{baseurl}}"
					],
					"path": [
						"api",
						"v1",
						"countrystatecity",
						"get_cities_by_state_id"
					],
					"query": [
						{
							"key": "state_id",
							"value": "4037"
						}
					]
				}
			},
			"response": []
		},
		{
			"name": "countries_by_name",
			"request": {
				"auth": {
					"type": "bearer",
					"bearer": {
						"token": "{{token}}"
					}
				},
				"method": "GET",
				"header": [],
				"url": {
					"raw": "{{baseurl}}/api/v1/countrystatecity/countries_by_name?country_name=Indi",
					"host": [
						"{{baseurl}}"
					],
					"path": [
						"api",
						"v1",
						"countrystatecity",
						"countries_by_name"
					],
					"query": [
						{
							"key": "country_name",
							"value": "Indi"
						}
					]
				}
			},
			"response": []
		}
	]
}