{
	"info": {
		"_postman_id": "e22028b8-f6ff-4846-a17c-f96cff7f0fed",
		"name": "Cronjobs",
		"schema": "https://schema.getpostman.com/json/collection/v2.0.0/collection.json",
		"_exporter_id": "23389875",
		"_collection_link": "https://msr-cosmos.postman.co/workspace/Timesheet~24d1fdf5-23b1-4123-8405-c20ac5a1bdef/collection/25371995-e22028b8-f6ff-4846-a17c-f96cff7f0fed?action=share&source=collection_link&creator=23389875"
	},
	"item": [
		{
			"name": "Weekly TImesheet Reminder",
			"request": {
				"method": "GET",
				"header": [],
				"url": "{{baseurl}}/api/v1/cronjob/weekly_timesheet_reminder"
			},
			"response": []
		}
	]
}