{
	"info": {
		"_postman_id": "72d3b197-ff8a-42d4-b594-6515e6caf7a3",
		"name": "Customers",
		"schema": "https://schema.getpostman.com/json/collection/v2.0.0/collection.json",
		"_exporter_id": "23389875",
		"_collection_link": "https://msr-cosmos.postman.co/workspace/Timesheet~24d1fdf5-23b1-4123-8405-c20ac5a1bdef/collection/25371995-72d3b197-ff8a-42d4-b594-6515e6caf7a3?action=share&source=collection_link&creator=23389875"
	},
	"item": [
		{
			"name": "Get All Customers",
			"request": {
				"auth": {
					"type": "bearer",
					"bearer": {
						"token": "{{token}}"
					}
				},
				"method": "GET",
				"header": [],
				"url": {
					"raw": "{{baseurl}}/api/v1/customers2/get_all_customers?pagenumber=1&pagesize=10&record_type_status=InActive",
					"host": [
						"{{baseurl}}"
					],
					"path": [
						"api",
						"v1",
						"customers2",
						"get_all_customers"
					],
					"query": [
						{
							"key": "pagenumber",
							"value": "1"
						},
						{
							"key": "pagesize",
							"value": "10"
						},
						{
							"key": "client_name",
							"value": "Infor Technologies",
							"disabled": true
						},
						{
							"key": "qb_customer_name",
							"value": "Infor Technologies",
							"disabled": true
						},
						{
							"key": "qb_customer_id",
							"value": "131",
							"disabled": true
						},
						{
							"key": "record_type_status",
							"value": "InActive"
						},
						{
							"key": "keyword",
							"value": "131",
							"disabled": true
						}
					]
				}
			},
			"response": []
		},
		{
			"name": "Filter Customers",
			"request": {
				"auth": {
					"type": "bearer",
					"bearer": {
						"token": "{{token}}"
					}
				},
				"method": "GET",
				"header": [],
				"url": {
					"raw": "{{baseurl}}/api/v1/customers2/filter_customers?record_type_status=",
					"host": [
						"{{baseurl}}"
					],
					"path": [
						"api",
						"v1",
						"customers2",
						"filter_customers"
					],
					"query": [
						{
							"key": "pagenumber",
							"value": "1",
							"disabled": true
						},
						{
							"key": "pagesize",
							"value": "10",
							"disabled": true
						},
						{
							"key": "client_name",
							"value": "google",
							"disabled": true
						},
						{
							"key": "record_type_status",
							"value": ""
						}
					]
				}
			},
			"response": []
		},
		{
			"name": "Get Customer By ID",
			"request": {
				"auth": {
					"type": "bearer",
					"bearer": {
						"token": "{{token}}"
					}
				},
				"method": "GET",
				"header": [],
				"url": {
					"raw": "{{baseurl}}/api/v1/customers2/get_customer_by_id?id=27",
					"host": [
						"{{baseurl}}"
					],
					"path": [
						"api",
						"v1",
						"customers2",
						"get_customer_by_id"
					],
					"query": [
						{
							"key": "id",
							"value": "27"
						}
					]
				}
			},
			"response": []
		},
		{
			"name": "Get Customers List For DropDown Field",
			"request": {
				"auth": {
					"type": "bearer",
					"bearer": {
						"token": "{{token}}"
					}
				},
				"method": "GET",
				"header": [],
				"url": "{{baseurl}}/api/v1/customers2/get_customers_list"
			},
			"response": []
		},
		{
			"name": "Add Customer",
			"request": {
				"auth": {
					"type": "bearer",
					"bearer": {
						"token": "{{token}}"
					}
				},
				"method": "POST",
				"header": [
					{
						"key": "Content-Type",
						"value": "application/json",
						"type": "text"
					}
				],
				"body": {
					"mode": "raw",
					"raw": "{\r\n\"client_name\": \"Another-Test-Client22222\",\r\n\"dba\": null,\r\n\"is_placement_client\": false,\r\n\"placement_client_id\": null,\r\n\"qb_customer_name\": null,\r\n\"qb_customer_id\": null,\r\n\"qb_vendor_name\": null,\r\n\"qb_vendor_id\": null\r\n}"
				},
				"url": "{{baseurl}}/api/v1/customers2/insert_customer"
			},
			"response": []
		},
		{
			"name": "Update Customer",
			"request": {
				"auth": {
					"type": "bearer",
					"bearer": {
						"token": "{{token}}"
					}
				},
				"method": "PUT",
				"header": [
					{
						"key": "Content-Type",
						"value": "application/json",
						"type": "text"
					}
				],
				"body": {
					"mode": "raw",
					"raw": "{\r\n\"id\": 199,\r\n\"client_name\": \"Another-Test-Client2\",\r\n\"dba\": null,\r\n\"is_placement_client\": false,\r\n\"placement_client_id\": null,\r\n\"qb_customer_name\": null,\r\n\"qb_customer_id\": null,\r\n\"qb_vendor_name\": null,\r\n\"qb_vendor_id\": null,\r\n\"record_type_status\":\"Active\"\r\n}"
				},
				"url": "{{baseurl}}/api/v1/customers2/edit_customer"
			},
			"response": []
		},
		{
			"name": "Export - Get All Export Customers",
			"protocolProfileBehavior": {
				"disableBodyPruning": true
			},
			"request": {
				"auth": {
					"type": "bearer",
					"bearer": {
						"token": "{{token}}"
					}
				},
				"method": "GET",
				"header": [
					{
						"key": "Content-Type",
						"value": "application/json",
						"type": "text"
					}
				],
				"body": {
					"mode": "raw",
					"raw": "",
					"options": {
						"raw": {
							"language": "json"
						}
					}
				},
				"url": {
					"raw": "{{baseurl}}/api/v1/customers2/export_all_customers?record_type_status=Inactive",
					"host": [
						"{{baseurl}}"
					],
					"path": [
						"api",
						"v1",
						"customers2",
						"export_all_customers"
					],
					"query": [
						{
							"key": "client_name",
							"value": "Infor Technologies",
							"disabled": true
						},
						{
							"key": "qb_customer_name",
							"value": "Infor Technologies",
							"disabled": true
						},
						{
							"key": "qb_customer_id",
							"value": "131",
							"disabled": true
						},
						{
							"key": "record_type_status",
							"value": "Inactive"
						},
						{
							"key": "keyword",
							"value": "131",
							"disabled": true
						}
					]
				}
			},
			"response": []
		},
		{
			"name": "Get Default Customer As Org Name For Local Project",
			"request": {
				"auth": {
					"type": "bearer",
					"bearer": {
						"token": "{{token}}"
					}
				},
				"method": "GET",
				"header": [],
				"url": "{{baseurl}}/api/v1/customers2/get_default_org_as_customer"
			},
			"response": []
		}
	]
}