{
	"info": {
		"_postman_id": "80e4c522-3db1-41c1-b36a-f791c9d69baf",
		"name": "ECDB/-Placements API - Work Authorization / Visa Status List",
		"schema": "https://schema.getpostman.com/json/collection/v2.0.0/collection.json",
		"_exporter_id": "23389875",
		"_collection_link": "https://msr-cosmos.postman.co/workspace/Timesheet~24d1fdf5-23b1-4123-8405-c20ac5a1bdef/collection/25371995-80e4c522-3db1-41c1-b36a-f791c9d69baf?action=share&source=collection_link&creator=23389875"
	},
	"item": [
		{
			"name": "ECDB - Countries List",
			"request": {
				"auth": {
					"type": "bearer",
					"bearer": {
						"token": "eyJhbGciOiJIUzUxMiJ9.eyJzdWIiOiJzaXZhQHlvcG1haWwuY29tIiwiaWF0IjoxNjg1NjkwMTIxLCJleHAiOjE2ODU3NzY1MjF9.b9ejSN7e4Q-vBzErXILGsiMv3U3wBx6kux_4IzaBHEDtb_p2GNztQqkW1vm05AAo3euBpIz7rCW3V6DluF3raA"
					}
				},
				"method": "GET",
				"header": [],
				"url": "https://prospects-uat.msrcosmos.com/prospective/country/listCountry"
			},
			"response": []
		},
		{
			"name": "Placement - Work Authorization / Visa Status List",
			"request": {
				"auth": {
					"type": "bearer",
					"bearer": {
						"token": "eyJhbGciOiJIUzUxMiJ9.eyJzdWIiOiJzaXZhQHlvcG1haWwuY29tIiwiaWF0IjoxNjg1NjkwMTIxLCJleHAiOjE2ODU3NzY1MjF9.b9ejSN7e4Q-vBzErXILGsiMv3U3wBx6kux_4IzaBHEDtb_p2GNztQqkW1vm05AAo3euBpIz7rCW3V6DluF3raA"
					}
				},
				"method": "GET",
				"header": [],
				"url": "https://placements-uat.msrcosmos.com/placements/work/authorization/workAuthorization/2"
			},
			"response": []
		}
	]
}