{
	"info": {
		"_postman_id": "729da3b5-43ba-4135-a38a-40d4ce7846d3",
		"name": "ECDB APIs",
		"schema": "https://schema.getpostman.com/json/collection/v2.0.0/collection.json",
		"_exporter_id": "23389875",
		"_collection_link": "https://msr-cosmos.postman.co/workspace/Timesheet~24d1fdf5-23b1-4123-8405-c20ac5a1bdef/collection/25371995-729da3b5-43ba-4135-a38a-40d4ce7846d3?action=share&source=collection_link&creator=23389875"
	},
	"item": [
		{
			"name": "check user by email",
			"request": {
				"method": "POST",
				"header": [
					{
						"key": "Content-Type",
						"value": "application/json",
						"type": "text"
					}
				],
				"body": {
					"mode": "raw",
					"raw": "{\r\n    \"email\":\"anilkumar@yopmail.com\",\r\n    \"orgId\":255\r\n}"
				},
				"url": "https://onboarding-uat.msrcosmos.com/api/list/checkEmail"
			},
			"response": []
		},
		{
			"name": "Add ECDB User",
			"request": {
				"method": "POST",
				"header": [
					{
						"key": "Content-Type",
						"value": "application/json",
						"type": "text"
					}
				],
				"body": {
					"mode": "raw",
					"raw": "{\r\n\"domain\": \"web-timesheets-uat.azurewebsites.net\",\r\n\"email\": \"testemail@yopmail.com\",\r\n\"employeeId\": \"CSM0009431234\",\r\n\"firstName\": \"navink\",\r\n\"joiningDate\": \"11-01-2022\",\r\n\"lastName\": \"kadaparlawar\",\r\n\"orgId\": \"255\",\r\n\"phone\": \"98978656564\",\r\n\"roleName\": \"ADMIN\",\r\n\"toolName\": \"Timesheet Tracker\",\r\n\"userStatus\": \"ACTIVE\",\r\n\"middleName\":null,\r\n\"phoneNumber\":\"6655778899\",\r\n\"orgName\":\"TimeSheetsDemo\",\r\n\"branchId\":null,\r\n\"branchName\":null,\r\n\"departmentId\":null,\r\n\"departmentName\":null,\r\n\"countryId\":null,\r\n\"countryName\":\"India\",\r\n\"supervisorId\":0,\r\n\"supervisorName\":null,\r\n\"gender\":\"\",\r\n\"fullName\":null,\r\n\"linkId\":null,\r\n\"fullProfile\":false,\r\n\"editProfile\":false,\r\n\"teamProfile\":false,\r\n\"otherFullProfile\":false,\r\n\"otherEditProfile\":false,\r\n\"organizationInformation\":false,\r\n\"otherOrganizations\":null,\r\n\"signatoryAuthority\":false,\r\n\"role\":null,\r\n\"contractsRole\":false,\r\n\"candidateReferencedBy\":null,\r\n\"prospectiveRefId\":\"0\",\r\n\"empType\":\"Internal\",\r\n\"workLocation\":\"Andhra Pradesh\",\r\n\"stateName\":\"Andhra Pradesh\",\r\n\"workCity\":\"Adoni\",\r\n\"workStreetAddress\":\"aa\",\r\n\"zipcode\":\"443322\"\r\n}"
				},
				"url": "https://onboarding-uat.msrcosmos.com/api/user/addUser"
			},
			"response": []
		},
		{
			"name": "https://onboarding-uat.msrcosmos.com/api/organization/listOrganization",
			"request": {
				"method": "GET",
				"header": [],
				"url": "https://onboarding-uat.msrcosmos.com/api/organization/listOrganization"
			},
			"response": []
		},
		{
			"name": "check if email exists",
			"protocolProfileBehavior": {
				"disableBodyPruning": true
			},
			"request": {
				"method": "GET",
				"header": [
					{
						"key": "Content-Type",
						"value": "application/json",
						"type": "text"
					}
				],
				"body": {
					"mode": "raw",
					"raw": ""
				},
				"url": {
					"raw": "https://onboarding-uat.msrcosmos.com/api/userECDB/validateEmployeeExternal/255?email=vaishu1@yopmail.com",
					"protocol": "https",
					"host": [
						"onboarding-uat",
						"msrcosmos",
						"com"
					],
					"path": [
						"api",
						"userECDB",
						"validateEmployeeExternal",
						"255"
					],
					"query": [
						{
							"key": "email",
							"value": "vaishu1@yopmail.com"
						}
					]
				}
			},
			"response": []
		}
	]
}