{
	"info": {
		"_postman_id": "da27c582-0368-4766-ba69-dec3e12da0a8",
		"name": "emailConfig",
		"schema": "https://schema.getpostman.com/json/collection/v2.0.0/collection.json",
		"_exporter_id": "23389875",
		"_collection_link": "https://msr-cosmos.postman.co/workspace/Timesheet~24d1fdf5-23b1-4123-8405-c20ac5a1bdef/collection/23389875-da27c582-0368-4766-ba69-dec3e12da0a8?action=share&source=collection_link&creator=23389875"
	},
	"item": [
		{
			"name": "getemailconfig_by_orgid",
			"request": {
				"auth": {
					"type": "bearer",
					"bearer": {
						"token": "{{token}}"
					}
				},
				"method": "GET",
				"header": [],
				"url": "{{baseurl}}/api/v1/emailconfig/getemailconfig_by_orgid"
			},
			"response": []
		},
		{
			"name": "update_email_config",
			"request": {
				"auth": {
					"type": "bearer",
					"bearer": {
						"token": "{{token}}"
					}
				},
				"method": "POST",
				"header": [],
				"body": {
					"mode": "raw",
					"raw": "{\r\n    \"from_email\":\"sonu@gmail.com\"\r\n}",
					"options": {
						"raw": {
							"language": "json"
						}
					}
				},
				"url": "{{baseurl}}/api/v1/emailconfig/update_email_config"
			},
			"response": []
		}
	]
}