{
	"info": {
		"_postman_id": "5c9d1194-f42f-4f9f-9c1a-603c6cd93f1b",
		"name": "Employee Document Type",
		"schema": "https://schema.getpostman.com/json/collection/v2.0.0/collection.json",
		"_exporter_id": "23389875",
		"_collection_link": "https://msr-cosmos.postman.co/workspace/Timesheet~24d1fdf5-23b1-4123-8405-c20ac5a1bdef/collection/25371995-5c9d1194-f42f-4f9f-9c1a-603c6cd93f1b?action=share&source=collection_link&creator=23389875"
	},
	"item": [
		{
			"name": "insert_employee_document_type",
			"request": {
				"method": "POST",
				"header": [],
				"body": {
					"mode": "raw",
					"raw": "{\r\n    \"document_type_name\": \"AADhar Card\",\r\n    \"description\":\"Aadhar card\"\r\n}",
					"options": {
						"raw": {
							"language": "json"
						}
					}
				},
				"url": "{{baseurl}}/api/v1/employee_document_types/insert_employee_document_type"
			},
			"response": []
		},
		{
			"name": "update_employee_document_types",
			"request": {
				"method": "PUT",
				"header": [],
				"body": {
					"mode": "raw",
					"raw": "{\r\n    \"id\":24,\r\n    \"document_type_name\": \"passport\",\r\n    \"description\":\"going to US\",\r\n    \"record_type_status\":\"Active\"\r\n}",
					"options": {
						"raw": {
							"language": "json"
						}
					}
				},
				"url": "{{baseurl}}/api/v1/employee_document_types/update_employee_document_types"
			},
			"response": []
		},
		{
			"name": "delete_employee_document_type",
			"request": {
				"method": "PUT",
				"header": [],
				"body": {
					"mode": "raw",
					"raw": "{\r\n    \"id\":11 \r\n}",
					"options": {
						"raw": {
							"language": "json"
						}
					}
				},
				"url": "{{baseurl}}/api/v1/employee_document_types/delete_employee_document_type"
			},
			"response": []
		},
		{
			"name": "get_all_employee_document_types",
			"request": {
				"method": "GET",
				"header": [],
				"url": {
					"raw": "{{baseurl}}/api/v1/employee_document_types/get_all_employee_document_types?pagenumber=1&pagesize=25",
					"host": [
						"{{baseurl}}"
					],
					"path": [
						"api",
						"v1",
						"employee_document_types",
						"get_all_employee_document_types"
					],
					"query": [
						{
							"key": "pagenumber",
							"value": "1"
						},
						{
							"key": "pagesize",
							"value": "25"
						}
					]
				}
			},
			"response": []
		},
		{
			"name": "get_employee_document_types_by_id",
			"request": {
				"method": "GET",
				"header": [],
				"url": {
					"raw": "{{baseurl}}/api/v1/employee_document_types/get_employee_document_types_by_id?id=12",
					"host": [
						"{{baseurl}}"
					],
					"path": [
						"api",
						"v1",
						"employee_document_types",
						"get_employee_document_types_by_id"
					],
					"query": [
						{
							"key": "id",
							"value": "12"
						}
					]
				}
			},
			"response": []
		},
		{
			"name": "get_employee_document_types_list",
			"request": {
				"method": "GET",
				"header": [],
				"url": "{{baseurl}}/api/v1/employee_document_types/get_employee_document_types_list"
			},
			"response": []
		}
	]
}