{
	"info": {
		"_postman_id": "60aa8e0a-425a-434a-b0b2-df565fba75d3",
		"name": "Employee Documents",
		"schema": "https://schema.getpostman.com/json/collection/v2.0.0/collection.json",
		"_exporter_id": "23389875",
		"_collection_link": "https://msr-cosmos.postman.co/workspace/Timesheet~24d1fdf5-23b1-4123-8405-c20ac5a1bdef/collection/25371995-60aa8e0a-425a-434a-b0b2-df565fba75d3?action=share&source=collection_link&creator=23389875"
	},
	"item": [
		{
			"name": "Get All Employee Documents",
			"request": {
				"auth": {
					"type": "bearer",
					"bearer": {
						"token": "{{token}}"
					}
				},
				"method": "GET",
				"header": [
					{
						"key": "Content-Type",
						"value": "application/json",
						"type": "text"
					}
				],
				"url": {
					"raw": "{{baseurl}}/api/v1/employee_documents/get_all_employee_documents?pagenumber=1&pagesize=25",
					"host": [
						"{{baseurl}}"
					],
					"path": [
						"api",
						"v1",
						"employee_documents",
						"get_all_employee_documents"
					],
					"query": [
						{
							"key": "pagenumber",
							"value": "1"
						},
						{
							"key": "pagesize",
							"value": "25"
						}
					]
				}
			},
			"response": []
		},
		{
			"name": "Export All Employee Documents",
			"request": {
				"auth": {
					"type": "bearer",
					"bearer": {
						"token": "{{token}}"
					}
				},
				"method": "GET",
				"header": [
					{
						"key": "Content-Type",
						"value": "application/json",
						"type": "text"
					}
				],
				"url": {
					"raw": "{{baseurl}}/api/v1/employee_documents/export_all_employee_documents?pagenumber=1&pagesize=25",
					"host": [
						"{{baseurl}}"
					],
					"path": [
						"api",
						"v1",
						"employee_documents",
						"export_all_employee_documents"
					],
					"query": [
						{
							"key": "pagenumber",
							"value": "1"
						},
						{
							"key": "pagesize",
							"value": "25"
						}
					]
				}
			},
			"response": []
		},
		{
			"name": "Get Employee Document By ID",
			"request": {
				"auth": {
					"type": "bearer",
					"bearer": {
						"token": "{{token}}"
					}
				},
				"method": "GET",
				"header": [
					{
						"key": "Content-Type",
						"value": "application/json",
						"type": "text"
					}
				],
				"url": {
					"raw": "{{baseurl}}/api/v1/employee_documents/get_employee_document_by_id?id=7",
					"host": [
						"{{baseurl}}"
					],
					"path": [
						"api",
						"v1",
						"employee_documents",
						"get_employee_document_by_id"
					],
					"query": [
						{
							"key": "id",
							"value": "7"
						}
					]
				}
			},
			"response": []
		},
		{
			"name": "Get Employee Document By User ID",
			"request": {
				"auth": {
					"type": "bearer",
					"bearer": {
						"token": "{{token}}"
					}
				},
				"method": "GET",
				"header": [
					{
						"key": "Content-Type",
						"value": "application/json",
						"type": "text"
					}
				],
				"url": {
					"raw": "{{baseurl}}/api/v1/employee_documents/get_employee_documents_by_user_id?user_id=972",
					"host": [
						"{{baseurl}}"
					],
					"path": [
						"api",
						"v1",
						"employee_documents",
						"get_employee_documents_by_user_id"
					],
					"query": [
						{
							"key": "user_id",
							"value": "972"
						}
					]
				}
			},
			"response": []
		},
		{
			"name": "Insert Employee Document",
			"request": {
				"auth": {
					"type": "bearer",
					"bearer": {
						"token": "{{token}}"
					}
				},
				"method": "POST",
				"header": [],
				"body": {
					"mode": "formdata",
					"formdata": [
						{
							"key": "employee_document_type_id",
							"value": "1",
							"type": "text"
						},
						{
							"key": "user_id",
							"value": "207",
							"type": "text"
						},
						{
							"key": "document_file",
							"type": "file",
							"src": "/C:/Users/Msr/Pictures/logo_1617948315 - Copy - Copy.png"
						}
					]
				},
				"url": "{{baseurl}}/api/v1/employee_documents/insert_employee_document"
			},
			"response": []
		},
		{
			"name": "Edit Employee Document",
			"request": {
				"auth": {
					"type": "bearer",
					"bearer": {
						"token": "{{token}}"
					}
				},
				"method": "PUT",
				"header": [],
				"body": {
					"mode": "formdata",
					"formdata": [
						{
							"key": "id",
							"value": "9",
							"type": "text"
						},
						{
							"key": "employee_document_type_id",
							"value": "1",
							"type": "text"
						},
						{
							"key": "user_id",
							"value": "207",
							"type": "text"
						},
						{
							"key": "document_file",
							"type": "file",
							"src": "/C:/Users/Msr/Pictures/logo_1617948315 - Copy - Copy.png"
						}
					]
				},
				"url": "{{baseurl}}/api/v1/employee_documents/edit_employee_document"
			},
			"response": []
		},
		{
			"name": "Delete Employee Document By ID",
			"request": {
				"auth": {
					"type": "bearer",
					"bearer": {
						"token": "{{token}}"
					}
				},
				"method": "POST",
				"header": [
					{
						"warning": "This is a duplicate header and will be overridden by the Content-Type header generated by Postman.",
						"key": "Content-Type",
						"value": "application/json",
						"type": "text"
					}
				],
				"body": {
					"mode": "raw",
					"raw": "{\r\n    \"id\": 10\r\n}"
				},
				"url": "{{baseurl}}/api/v1/employee_documents/delete_employee_document_by_id"
			},
			"response": []
		}
	]
}