{
	"info": {
		"_postman_id": "b6ccd1e7-00d1-4456-bccf-ed64a01284f5",
		"name": "Employees",
		"schema": "https://schema.getpostman.com/json/collection/v2.0.0/collection.json",
		"_exporter_id": "23389875",
		"_collection_link": "https://msr-cosmos.postman.co/workspace/Timesheet~24d1fdf5-23b1-4123-8405-c20ac5a1bdef/collection/25371995-b6ccd1e7-00d1-4456-bccf-ed64a01284f5?action=share&source=collection_link&creator=23389875"
	},
	"item": [
		{
			"name": "getallemployees",
			"request": {
				"auth": {
					"type": "bearer",
					"bearer": {
						"token": "{{token}}"
					}
				},
				"method": "GET",
				"header": [],
				"url": {
					"raw": "{{baseurl}}/api/v1/user2/getallemployees?pagenumber=1&pagesize=50&record_type_status=InActive",
					"host": [
						"{{baseurl}}"
					],
					"path": [
						"api",
						"v1",
						"user2",
						"getallemployees"
					],
					"query": [
						{
							"key": "pagenumber",
							"value": "1"
						},
						{
							"key": "pagesize",
							"value": "50"
						},
						{
							"key": "first_name",
							"value": "stt",
							"disabled": true
						},
						{
							"key": "middle_name",
							"value": "",
							"disabled": true
						},
						{
							"key": "last_name",
							"value": "employee",
							"disabled": true
						},
						{
							"key": "full_name",
							"value": "stt employee",
							"disabled": true
						},
						{
							"key": "email",
							"value": "stemployee@yopmail.com",
							"disabled": true
						},
						{
							"key": "user_status",
							"value": "ACTIVE",
							"disabled": true
						},
						{
							"key": "employee_id",
							"value": "TS0233",
							"disabled": true
						},
						{
							"key": "department_name",
							"value": "",
							"disabled": true
						},
						{
							"key": "employee_type",
							"value": "W2",
							"disabled": true
						},
						{
							"key": "record_type_status",
							"value": "InActive"
						},
						{
							"key": "keyword",
							"value": "stemployee",
							"disabled": true
						}
					]
				}
			},
			"response": []
		},
		{
			"name": "get_new_employee_id",
			"request": {
				"auth": {
					"type": "bearer",
					"bearer": {
						"token": "{{token}}"
					}
				},
				"method": "GET",
				"header": [],
				"url": "{{baseurl}}/api/v1/user2/get_new_employee_id"
			},
			"response": []
		},
		{
			"name": "searchemployees",
			"request": {
				"auth": {
					"type": "bearer",
					"bearer": {
						"token": "{{token}}"
					}
				},
				"method": "GET",
				"header": [],
				"url": {
					"raw": "{{baseurl}}/api/v1/user2/searchemployees?first_name=Anil",
					"host": [
						"{{baseurl}}"
					],
					"path": [
						"api",
						"v1",
						"user2",
						"searchemployees"
					],
					"query": [
						{
							"key": "first_name",
							"value": "Anil"
						},
						{
							"key": "last_name",
							"value": "kumar",
							"disabled": true
						},
						{
							"key": "full_name",
							"value": "Anil kumar",
							"disabled": true
						},
						{
							"key": "email",
							"value": "anilkumar@yopmail.com",
							"disabled": true
						},
						{
							"key": "user_status",
							"value": "ACTIVE",
							"disabled": true
						},
						{
							"key": "employee_id",
							"value": "4544",
							"disabled": true
						}
					]
				}
			},
			"response": []
		},
		{
			"name": "filteremployees",
			"request": {
				"auth": {
					"type": "bearer",
					"bearer": {
						"token": "{{token}}"
					}
				},
				"method": "GET",
				"header": [],
				"url": {
					"raw": "{{baseurl}}/api/v1/user2/filteremployees?record_type_status=ACTIVE",
					"host": [
						"{{baseurl}}"
					],
					"path": [
						"api",
						"v1",
						"user2",
						"filteremployees"
					],
					"query": [
						{
							"key": "pagenumber",
							"value": "1",
							"disabled": true
						},
						{
							"key": "pagesize",
							"value": "10",
							"disabled": true
						},
						{
							"key": "full_name",
							"value": "Ani",
							"disabled": true
						},
						{
							"key": "record_type_status",
							"value": "ACTIVE"
						}
					]
				}
			},
			"response": []
		},
		{
			"name": "insertemployee",
			"request": {
				"auth": {
					"type": "bearer",
					"bearer": {
						"token": "{{token}}"
					}
				},
				"method": "POST",
				"header": [
					{
						"key": "Content-Type",
						"value": "application/json",
						"type": "text"
					}
				],
				"body": {
					"mode": "raw",
					"raw": "{\r\n  \"employee_type\": \"W2\",\r\n  \"prefix\": \"Mr\",\r\n  \"first_name\": \"Romio5\",\r\n  \"middle_name\": \"\",\r\n  \"last_name\": \"John\",\r\n  \"email\": \"romio5@yopmail.com\",\r\n  \"gender\": \"\",\r\n  \"adp_associate_id\": \"ADP23C\",\r\n  \"phone_number\": \"8654736323\",\r\n  \"branch_id\": null,\r\n  \"branch_name\": null,\r\n  \"department_id\": null,\r\n  \"department_name\": null,\r\n  \"employee_id\": \"TS0318\",\r\n  \"ecdb_user_id\": 2774510,\r\n  \"prospective_user_id\": 86074510,\r\n  \"joining_date\": \"2022-12-20\",\r\n  \"leaving_date\": null,\r\n  \"qb_employee_name\": null,\r\n  \"user_status\": \"ACTIVE\",\r\n  \"work_location\": \"Permanent Address *\",\r\n  \"work_country\": \"India\",\r\n  \"work_state\": \"Telangana\",\r\n  \"work_city\": \"Patna\",\r\n  \"work_street_address\": \"test\",\r\n  \"work_status\": null,\r\n  \"zipcode\": \"841400\",\r\n  \"email_notifications\": true,\r\n  \"push_notifications\": true,\r\n  \"permanent_address\": \"Permanent Address *\",\r\n  \"work_address\": \"Permanent Address *\",\r\n  \"adp_validated\": false\r\n}\r\n",
					"options": {
						"raw": {
							"language": "json"
						}
					}
				},
				"url": "{{baseurl}}/api/v1/user2/insertemployee"
			},
			"response": []
		},
		{
			"name": "editemployee",
			"request": {
				"auth": {
					"type": "bearer",
					"bearer": {
						"token": "{{token}}"
					}
				},
				"method": "PUT",
				"header": [
					{
						"key": "Content-Type",
						"value": "application/json",
						"type": "text"
					}
				],
				"body": {
					"mode": "raw",
					"raw": "{\r\n\"id\":43,\r\n\"employee_type\": \"Internal\",\r\n\"prefix\":\"Mrs\",\r\n\"first_name\": \"Anil\",\r\n\"middle_name\": \"\",\r\n\"last_name\": \"Kumar\",\r\n\"email\": \"employeenew@yopmail.com\",\r\n\"gender\": \"MALE\",\r\n\"adp_associate_id\": \"ADP123B\",\r\n\"phone_number\": \"1234567890\",\r\n\"branch_id\": null,\r\n\"branch_name\": null,\r\n\"department_id\": null,\r\n\"department_name\": null,\r\n\"employee_id\": \"MSR0101\",\r\n\"ecdb_user_id\": \"1122\",\r\n\"prospective_user_id\": \"3344\",\r\n\"joining_date\" :\"2022-12-20\",\r\n\"leaving_date\": null,\r\n\"qb_employee_name\": null,\r\n\"qb_employee_id\": null,\r\n\"user_status\": \"Active\",\r\n\"work_location\": \"Hyderabad\",\r\n\"work_country\": \"India\",\r\n\"work_state\": \"Telangana\",\r\n\"work_city\": \"Hyderabad\",\r\n\"work_street_address\": \"test\",\r\n\"work_status\": null,\r\n\"zipcode\": \"123456\",\r\n\"email_notifications\": true,\r\n\"push_notifications\": true,\r\n\"adp_validated\": false\r\n}",
					"options": {
						"raw": {
							"language": "json"
						}
					}
				},
				"url": "{{baseurl}}/api/v1/user2/editemployee"
			},
			"response": []
		},
		{
			"name": "get_employees_list",
			"request": {
				"auth": {
					"type": "bearer",
					"bearer": {
						"token": "{{token}}"
					}
				},
				"method": "GET",
				"header": [],
				"url": "{{baseurl}}/api/v1/user2/get_employees_list"
			},
			"response": []
		},
		{
			"name": "Export-Get All Export Employees",
			"protocolProfileBehavior": {
				"disableBodyPruning": true
			},
			"request": {
				"auth": {
					"type": "bearer",
					"bearer": {
						"token": "{{token}}"
					}
				},
				"method": "GET",
				"header": [
					{
						"key": "Content-Type",
						"value": "application/json",
						"type": "text"
					}
				],
				"body": {
					"mode": "raw",
					"raw": "",
					"options": {
						"raw": {
							"language": "json"
						}
					}
				},
				"url": {
					"raw": "{{baseurl}}/api/v1/user2/export_all_employees?record_type_status=Inactive",
					"host": [
						"{{baseurl}}"
					],
					"path": [
						"api",
						"v1",
						"user2",
						"export_all_employees"
					],
					"query": [
						{
							"key": "first_name",
							"value": "stt",
							"disabled": true
						},
						{
							"key": "middle_name",
							"value": "",
							"disabled": true
						},
						{
							"key": "last_name",
							"value": "employee",
							"disabled": true
						},
						{
							"key": "full_name",
							"value": "stt employee",
							"disabled": true
						},
						{
							"key": "email",
							"value": "stemployee@yopmail.com",
							"disabled": true
						},
						{
							"key": "user_status",
							"value": "ACTIVE",
							"disabled": true
						},
						{
							"key": "employee_id",
							"value": "TS0233",
							"disabled": true
						},
						{
							"key": "department_name",
							"value": "",
							"disabled": true
						},
						{
							"key": "employee_type",
							"value": "W2",
							"disabled": true
						},
						{
							"key": "record_type_status",
							"value": "Inactive"
						},
						{
							"key": "keyword",
							"value": "Active",
							"disabled": true
						}
					]
				}
			},
			"response": []
		},
		{
			"name": "Update User Email Notification Setting",
			"request": {
				"auth": {
					"type": "bearer",
					"bearer": {
						"token": "{{token}}"
					}
				},
				"method": "PUT",
				"header": [
					{
						"key": "Content-Type",
						"value": "application/json",
						"type": "text"
					}
				],
				"body": {
					"mode": "raw",
					"raw": "{\r\n\"id\":207,\r\n\"email_notifications\": true\r\n}",
					"options": {
						"raw": {
							"language": "json"
						}
					}
				},
				"url": "{{baseurl}}/api/v1/user2/update_email_notification_setting"
			},
			"response": []
		}
	]
}