{
	"info": {
		"_postman_id": "19515606-43aa-4d62-b2b6-1f162eb3fc71",
		"name": "Global Config",
		"schema": "https://schema.getpostman.com/json/collection/v2.0.0/collection.json",
		"_exporter_id": "23389875",
		"_collection_link": "https://msr-cosmos.postman.co/workspace/Timesheet~24d1fdf5-23b1-4123-8405-c20ac5a1bdef/collection/25371995-19515606-43aa-4d62-b2b6-1f162eb3fc71?action=share&source=collection_link&creator=23389875"
	},
	"item": [
		{
			"name": "New Request",
			"request": {
				"method": "GET",
				"header": []
			},
			"response": []
		},
		{
			"name": "Super Admin - Get Global Config",
			"request": {
				"auth": {
					"type": "bearer",
					"bearer": {
						"token": "{{token}}"
					}
				},
				"method": "GET",
				"header": [],
				"url": "{{baseurl}}/api/v1/global_config/get_global_config"
			},
			"response": []
		},
		{
			"name": "Super Admin - Update Global Config",
			"request": {
				"auth": {
					"type": "bearer",
					"bearer": {
						"token": "{{token}}"
					}
				},
				"method": "POST",
				"header": [],
				"body": {
					"mode": "raw",
					"raw": "{\r\n\"notify_to_email\": \"masood.m@msr-it.com\"\r\n}",
					"options": {
						"raw": {
							"language": "json"
						}
					}
				},
				"url": "{{baseurl}}/api/v1/global_config/update_global_config"
			},
			"response": []
		}
	]
}