{
	"info": {
		"_postman_id": "fa699561-0980-4c57-b0b9-e5b3e7dc4a55",
		"name": "HRMS APIS  UAT URLs",
		"schema": "https://schema.getpostman.com/json/collection/v2.0.0/collection.json",
		"_exporter_id": "23389875",
		"_collection_link": "https://msr-cosmos.postman.co/workspace/Timesheet~24d1fdf5-23b1-4123-8405-c20ac5a1bdef/collection/16844087-fa699561-0980-4c57-b0b9-e5b3e7dc4a55?action=share&source=collection_link&creator=23389875"
	},
	"item": [
		{
			"name": "ECDB API - Get Candidate Details By ID",
			"request": {
				"method": "GET",
				"header": [],
				"url": "https://onboarding-uat.msrcosmos.com/api/ecdb/user/search/2362"
			},
			"response": []
		},
		{
			"name": "ECDB API - Get Candidate Details By Email ID",
			"request": {
				"method": "POST",
				"header": [
					{
						"key": "Content-Type",
						"value": "application/json",
						"type": "text"
					}
				],
				"body": {
					"mode": "raw",
					"raw": "{\r\n    \"email\":\"Manasa@yopmail.com\",\r\n    \"orgId\":\"252\"\r\n}"
				},
				"url": "https://onboarding-uat.msrcosmos.com/api/list/checkEmail"
			},
			"response": []
		},
		{
			"name": "ECDB API - Update Password",
			"request": {
				"method": "POST",
				"header": [
					{
						"key": "Content-Type",
						"value": "application/json",
						"type": "text"
					}
				],
				"body": {
					"mode": "raw",
					"raw": "{\r\n\"newPassword\":\"Cosmos@12#\",\r\n\"confirmPassword\":\"Cosmos@12#\",\r\n\"userId\":2016\r\n}"
				},
				"url": "https://onboarding-uat.msrcosmos.com/api/list/updatePassword"
			},
			"response": []
		},
		{
			"name": "HRMS API - Update Password in HRMS Application",
			"request": {
				"method": "POST",
				"header": [
					{
						"key": "x-api-key",
						"value": "d48135d3-c64e-4011-b26a-c0e2cdc2051a",
						"type": "text"
					}
				],
				"body": {
					"mode": "formdata",
					"formdata": [
						{
							"key": "hrmsEmployeeId",
							"value": "MSCE1085",
							"type": "text"
						},
						{
							"key": "newPassword",
							"value": "Password@12#",
							"type": "text"
						},
						{
							"key": "confirmPassword",
							"value": "Password@12#",
							"type": "text"
						}
					]
				},
				"url": "http://localhost/hrms/index.php/placementapi/updatehrmsuserpassword"
			},
			"response": []
		},
		{
			"name": "ECDB API - Save User",
			"request": {
				"method": "POST",
				"header": [
					{
						"key": "Content-Type",
						"value": "application/json",
						"type": "text"
					}
				],
				"body": {
					"mode": "raw",
					"raw": "{\r\n    \"firstName\": \"TestName12\",\r\n    \"lastName\": \"TestLastName123\",\r\n    \"middleName\": null,\r\n    \"email\": \"empnewone@gmail.com\",\r\n    \"phoneNumber\": \"3344556677\",\r\n    \"domain\": \"www.msr-it.com\",\r\n    \"orgId\": 247,\r\n    \"orgName\": \"MSRCosmos\",\r\n    \"toolName\":\"Timesheet Tracker\",\r\n    \"roleName\":\"Employee\",\r\n    \"branchId\": null,\r\n    \"branchName\": null,\r\n    \"departmentId\": null,\r\n    \"departmentName\": null,\r\n    \"countryId\": null,\r\n    \"employeeId\": \"MSR011\",\r\n    \"supervisorId\": 0,\r\n    \"supervisorName\": null,\r\n    \"userStatus\": \"ACTIVE\",\r\n    \"gender\": \"MALE\",\r\n    \"fullName\": null,\r\n    \"password\": \"$2a$10$tQU2svt/tYxYanFrovRHU.L49LGHNEokTVnT0WJVosQlvPgR9LntK\",\r\n    \"linkId\": null,\r\n    \"fullProfile\": false,\r\n    \"editProfile\": false,\r\n    \"teamProfile\": false,\r\n    \"otherFullProfile\": false,\r\n    \"otherEditProfile\": false,\r\n    \"organizationInformation\": false,\r\n    \"otherOrganizations\": null,\r\n    \"signatoryAuthority\": false,\r\n    \"role\": null,\r\n    \"contractsRole\": false,\r\n    \"candidateReferencedBy\": null,\r\n    \"joiningDate\": \"07-06-2021\",\r\n    \"workLocation\": \"Gujarat\",\r\n    \"countryName\": \"India\",\r\n    \"stateName\": \"Gujrat\",\r\n    \"workCity\": \"Ahmedabad\",\r\n    \"workStreetAddress\": \"test address\",\r\n    \"zipcode\": \"123456\"\r\n\r\n}"
				},
				"url": "https://onboarding-uat.msrcosmos.com/api/user/addUser"
			},
			"response": []
		},
		{
			"name": "ECDB API - Login User",
			"request": {
				"method": "POST",
				"header": [
					{
						"key": "Content-Type",
						"value": "application/json",
						"type": "text"
					}
				],
				"body": {
					"mode": "raw",
					"raw": "{\r\n  \"email\": \"usersix@yopmail.com\",\r\n  \"password\": \"Cosmos@12#\"\r\n}\r\n"
				},
				"url": "https://onboarding-uat.msrcosmos.com/api/user/login"
			},
			"response": []
		},
		{
			"name": "Prospective - Get User Details By Id",
			"request": {
				"method": "GET",
				"header": [],
				"url": "https://prospects-uat.msrcosmos.com/prospective/profile/search/85399"
			},
			"response": []
		},
		{
			"name": "CCDB API - Customers/Clients List",
			"request": {
				"method": "GET",
				"header": [],
				"url": {
					"raw": "https://ccdb-uat.msrcosmos.com/ccdb/customers/customersList?orgId=252",
					"protocol": "https",
					"host": [
						"ccdb-uat",
						"msrcosmos",
						"com"
					],
					"path": [
						"ccdb",
						"customers",
						"customersList"
					],
					"query": [
						{
							"key": "orgId",
							"value": "252"
						}
					]
				}
			},
			"response": []
		},
		{
			"name": "Placement API - Get All Placement Projects",
			"request": {
				"method": "GET",
				"header": [],
				"url": "https://placements-uat.msrcosmos.com/placements/placements/placementType/255"
			},
			"response": []
		},
		{
			"name": "Placement API - Get Placement Projects By Candidate ID - NEW - 12-04-2022",
			"request": {
				"method": "GET",
				"header": [],
				"url": "https://placements-uat.msrcosmos.com/placements/placements/candidate/placementType/3354/86481"
			},
			"response": []
		},
		{
			"name": "Prospective API - Search Candidate",
			"request": {
				"method": "GET",
				"header": [],
				"url": {
					"raw": "https://prospects-uat.msrcosmos.com/prospective/profile/search/orgId/248?name=User Six",
					"protocol": "https",
					"host": [
						"prospects-uat",
						"msrcosmos",
						"com"
					],
					"path": [
						"prospective",
						"profile",
						"search",
						"orgId",
						"248"
					],
					"query": [
						{
							"key": "name",
							"value": "User Six"
						}
					]
				}
			},
			"response": []
		},
		{
			"name": "Prospective API - Search Candidate Wild Card (Using email, phone no, name)",
			"request": {
				"method": "GET",
				"header": [],
				"url": {
					"raw": "https://prospects-uat.msrcosmos.com/prospective/candidate/search/orgId/252?name=hari",
					"protocol": "https",
					"host": [
						"prospects-uat",
						"msrcosmos",
						"com"
					],
					"path": [
						"prospective",
						"candidate",
						"search",
						"orgId",
						"252"
					],
					"query": [
						{
							"key": "name",
							"value": "hari"
						}
					]
				}
			},
			"response": []
		},
		{
			"name": "ECDB API - Employees List",
			"request": {
				"method": "GET",
				"header": [],
				"url": {
					"raw": "https://onboarding-uat.msrcosmos.com/api/userECDB/employees?orgId=256",
					"protocol": "https",
					"host": [
						"onboarding-uat",
						"msrcosmos",
						"com"
					],
					"path": [
						"api",
						"userECDB",
						"employees"
					],
					"query": [
						{
							"key": "orgId",
							"value": "256"
						}
					]
				}
			},
			"response": []
		},
		{
			"name": "Placement API - Get Placement Projects By Placement ID",
			"request": {
				"method": "GET",
				"header": [],
				"url": "https://placements-uat.msrcosmos.com/placements/placements/fetchPlacementDetails/3023"
			},
			"response": []
		},
		{
			"name": "ECDB API - Update User",
			"request": {
				"method": "PUT",
				"header": [
					{
						"key": "Content-Type",
						"value": "application/json",
						"type": "text"
					}
				],
				"body": {
					"mode": "raw",
					"raw": "{\r\n    \"adpAssociateId\": \"321\",\r\n\"branchId\": null,\r\n\"branchName\": null,\r\n\"candidateReferencedBy\": null,\r\n\"contractsRole\": false,\r\n\"countryId\": null,\r\n\"countryName\": \"India\",\r\n\"departmentId\": null,\r\n\"departmentName\": null,\r\n\"domain\": \"web-timesheets-uat.azurewebsites.net\",\r\n\"editProfile\": false,\r\n\"email\": \"vaishu1@yopmail.com\",\r\n\"empType\": \"W2\",\r\n\"employeeId\": \"TS000493\",\r\n\"firstName\": \"Vaishnavi\",\r\n\"fullName\": \"Vaishnavi bolisetty uu\",\r\n\"fullProfile\": false,\r\n\"gender\": \"\",\r\n\"id\": 2485,\r\n\"joiningDate\": \"11-01-2022\",\r\n\"lastName\": \"bolisetty uu\",\r\n\"linkId\": null,\r\n\"middleName\": null,\r\n\"orgId\": \"255\",\r\n\"orgName\": \"TimeSheetsDemo\",\r\n\"organizationInformation\": false,\r\n\"otherEditProfile\": false,\r\n\"otherFullProfile\": false,\r\n\"otherOrganizations\": null,\r\n\"phone\": \"9996633666\",\r\n\"phoneNumber\": \"9996633666\",\r\n\"prospectiveRefId\": null,\r\n\"role\": null,\r\n\"roleName\": \"Employee\",\r\n\"signatoryAuthority\": false,\r\n\"stateName\": \"\",\r\n\"supervisorId\": 0,\r\n\"supervisorName\": null,\r\n\"teamProfile\": false,\r\n\"toolName\": \"Timesheet Tracker\",\r\n\"userStatus\": \"ACTIVE\",\r\n\"workCity\": \"Hyderabad\",\r\n\"workLocation\": \"Andhra Pradesh\",\r\n\"workStreetAddress\": \"\",\r\n\"zipcode\": \"\",\r\n\"jobBoardAccess\":false\r\n}"
				},
				"url": "https://onboarding-uat.msrcosmos.com/api/user/updateUser"
			},
			"response": []
		},
		{
			"name": "Placement API - Update Placement Projects By Placement ID",
			"request": {
				"method": "PUT",
				"header": [
					{
						"key": "Content-Type",
						"value": "application/json",
						"type": "text"
					}
				],
				"body": {
					"mode": "raw",
					"raw": "{\r\n    \"id\":2545,\r\n    \"closedDate\":\"05-10-2022\",\r\n    \"reasonId\":92,\r\n    \"reasonName\":\"Placement Completed\",\r\n    \"placementStatusId\":9,\r\n    \"updatedBy\":\"201\"\r\n}"
				},
				"url": "https://placements-uat.msrcosmos.com/placements/placements/updatePlacementHrms"
			},
			"response": []
		},
		{
			"name": "ECDB API - Update User Status",
			"request": {
				"method": "PUT",
				"header": [
					{
						"key": "Content-Type",
						"value": "application/json",
						"type": "text"
					}
				],
				"body": {
					"mode": "raw",
					"raw": "{\r\n    \"id\":2133,\r\n    \"userStatus\": \"INACTIVE\"\r\n}"
				},
				"url": "https://onboarding-uat.msrcosmos.com/api/user/updateUserStatus"
			},
			"response": []
		},
		{
			"name": "ECDB API - Fetch Prospective and ECDB user ID using Employee ID",
			"request": {
				"method": "GET",
				"header": [],
				"url": "https://onboarding-uat.msrcosmos.com/api/userECDB/fetchUserEmpId/EC1059"
			},
			"response": []
		},
		{
			"name": "HRMS API - Get TImesheet Hours from HRMS Application",
			"request": {
				"method": "POST",
				"header": [
					{
						"key": "x-api-key",
						"value": "d48135d3-c64e-4011-b26a-c0e2cdc2051a",
						"type": "text"
					}
				],
				"body": {
					"mode": "formdata",
					"formdata": [
						{
							"key": "start_date",
							"value": "25-09-2022",
							"type": "text"
						},
						{
							"key": "end_date",
							"value": "10-10-2022",
							"type": "text"
						},
						{
							"key": "ecdb_user_id",
							"value": "2241",
							"type": "text"
						}
					]
				},
				"url": "http://uat-hrms.azurewebsites.net/index.php/placementapi/gettimesheethours"
			},
			"response": []
		},
		{
			"name": "HRMS API - Get Total Approved Timesheet Hours from HRMS Application",
			"request": {
				"method": "POST",
				"header": [
					{
						"key": "x-api-key",
						"value": "d48135d3-c64e-4011-b26a-c0e2cdc2051a",
						"type": "text"
					}
				],
				"body": {
					"mode": "formdata",
					"formdata": [
						{
							"key": "start_date",
							"value": "01-05-2022",
							"type": "text"
						},
						{
							"key": "end_date",
							"value": "27-05-2022",
							"type": "text"
						},
						{
							"key": "ecdb_user_id",
							"value": "2076",
							"type": "text"
						},
						{
							"key": "placement_project_id",
							"value": "2678",
							"type": "text",
							"disabled": true
						}
					]
				},
				"url": "http://uat-hrms.azurewebsites.net/index.php/placementapi/gettotaltimesheethours"
			},
			"response": []
		},
		{
			"name": "Placement API - Termination Reasons",
			"request": {
				"method": "GET",
				"header": [],
				"url": "https://placements-uat.msrcosmos.com/placements/reasons/activeReasons/252"
			},
			"response": []
		},
		{
			"name": "Placement API - Bill Rate (By Project and Date)",
			"request": {
				"method": "GET",
				"header": [],
				"url": {
					"raw": "https://placements-uat.msrcosmos.com/placements/placements/paymentHistory?placementId=3137&effectiveDate=2022-07-20",
					"protocol": "https",
					"host": [
						"placements-uat",
						"msrcosmos",
						"com"
					],
					"path": [
						"placements",
						"placements",
						"paymentHistory"
					],
					"query": [
						{
							"key": "placementId",
							"value": "3137"
						},
						{
							"key": "effectiveDate",
							"value": "2022-07-20"
						}
					]
				}
			},
			"response": []
		},
		{
			"name": "Placement API - Bill Rate (By Project and Date Range - Final)",
			"request": {
				"method": "GET",
				"header": [],
				"url": {
					"raw": "https://qacorporateplacements.msrcosmos.com:8081/placements/placements/paymentHistoryByDate?startDate=2022-07-20&endDate=2022-09-01&placementId=2507",
					"protocol": "https",
					"host": [
						"qacorporateplacements",
						"msrcosmos",
						"com"
					],
					"port": "8081",
					"path": [
						"placements",
						"placements",
						"paymentHistoryByDate"
					],
					"query": [
						{
							"key": "startDate",
							"value": "2022-07-20"
						},
						{
							"key": "endDate",
							"value": "2022-09-01"
						},
						{
							"key": "placementId",
							"value": "2507"
						}
					]
				}
			},
			"response": []
		},
		{
			"name": "country/list",
			"request": {
				"method": "GET",
				"header": [],
				"url": "https://prospects-uat.msrcosmos.com/prospective/country/list"
			},
			"response": []
		},
		{
			"name": "ECDB API - fetchByToolName",
			"request": {
				"method": "GET",
				"header": [],
				"url": "https://onboarding-uat.msrcosmos.com/api/userECDB/fetchByToolName/TimeSheet Tracker"
			},
			"response": []
		},
		{
			"name": "CCDB API - DBA Name for customers",
			"request": {
				"method": "GET",
				"header": [],
				"url": "https://ccdb-uat.msrcosmos.com/ccdb/customers/search/customerId/1632"
			},
			"response": []
		},
		{
			"name": "activeReasons",
			"request": {
				"method": "GET",
				"header": [],
				"url": "https://placements-uat.msrcosmos.com/placements/reasons/activeReasons/58"
			},
			"response": []
		},
		{
			"name": "cancel placements",
			"request": {
				"method": "PUT",
				"header": [],
				"body": {
					"mode": "raw",
					"raw": "{\r\n    \"reasonId\": 176,\r\n    \"terminateDate\": \"11-09-2022\",\r\n    \"remarks\": \"test\",\r\n    \"id\": 4665,\r\n    \"userId\": 176,\r\n    \"orgId\": 176\r\n}\r\n",
					"options": {
						"raw": {
							"language": "json"
						}
					}
				},
				"url": "https://placements-uat.msrcosmos.com/placements/placements/cancel"
			},
			"response": []
		},
		{
			"name": "CCDB API - getAllPlacements",
			"request": {
				"method": "GET",
				"header": [],
				"url": {
					"raw": "https://placements-uat.msrcosmos.com/placements/placements/getAllPlacements?fromDate=2022-11-28",
					"protocol": "https",
					"host": [
						"placements-uat",
						"msrcosmos",
						"com"
					],
					"path": [
						"placements",
						"placements",
						"getAllPlacements"
					],
					"query": [
						{
							"key": "fromDate",
							"value": "2022-11-28"
						}
					]
				}
			},
			"response": []
		},
		{
			"name": "ECDB API - Users",
			"request": {
				"method": "GET",
				"header": [],
				"url": "https://onboarding-uat.msrcosmos.com/api/userECDB/fetchByToolName/TimeSheet%20Tracker"
			},
			"response": []
		},
		{
			"name": "http://localhost:8899/api/v1/index/week",
			"request": {
				"method": "GET",
				"header": [],
				"url": "http://localhost:8899/api/v1/index/weeks"
			},
			"response": []
		},
		{
			"name": "ECDB API - fetch by tool name",
			"request": {
				"method": "GET",
				"header": [],
				"url": "https://onboarding-uat.msrcosmos.com/api/userECDB/fetchByToolName/TimeSheet Tracker"
			},
			"response": []
		},
		{
			"name": "Customer Search",
			"request": {
				"method": "GET",
				"header": [],
				"url": "https://ccdb-uat.msrcosmos.com/ccdb/customers/search/customerId/1735"
			},
			"response": []
		},
		{
			"name": "getAllPlacementsFromDate",
			"request": {
				"method": "GET",
				"header": [],
				"url": {
					"raw": "https://placements-uat.msrcosmos.com/placements/placements/getAllPlacementsFromDate?fromDate=2022-04-18&orgId=255",
					"protocol": "https",
					"host": [
						"placements-uat",
						"msrcosmos",
						"com"
					],
					"path": [
						"placements",
						"placements",
						"getAllPlacementsFromDate"
					],
					"query": [
						{
							"key": "fromDate",
							"value": "2022-04-18"
						},
						{
							"key": "orgId",
							"value": "255"
						}
					]
				}
			},
			"response": []
		},
		{
			"name": "Logout User",
			"request": {
				"method": "GET",
				"header": [],
				"url": "https://onboarding-uat.msrcosmos.com/api/user/logout"
			},
			"response": []
		},
		{
			"name": "Get Timesheet Hours Including No Hours",
			"request": {
				"method": "POST",
				"header": [
					{
						"key": "x-api-key",
						"value": "d48135d3-c64e-4011-b26a-c0e2cdc2051a",
						"type": "text"
					}
				],
				"body": {
					"mode": "formdata",
					"formdata": [
						{
							"key": "start_date",
							"value": "01-07-2023",
							"type": "text"
						},
						{
							"key": "end_date",
							"value": "30-07-2023",
							"type": "text"
						}
					]
				},
				"url": "https://web-hrms-uat.azurewebsites.net/index.php/placementapi/gettimesheethoursincludingnorecords"
			},
			"response": []
		}
	]
}