{
	"info": {
		"_postman_id": "9cdb02dd-04e2-4703-b41c-fc65362ccb28",
		"name": "Login",
		"schema": "https://schema.getpostman.com/json/collection/v2.0.0/collection.json",
		"_exporter_id": "23389875",
		"_collection_link": "https://msr-cosmos.postman.co/workspace/Timesheet~24d1fdf5-23b1-4123-8405-c20ac5a1bdef/collection/16844087-9cdb02dd-04e2-4703-b41c-fc65362ccb28?action=share&source=collection_link&creator=23389875"
	},
	"item": [
		{
			"name": "login api",
			"request": {
				"method": "POST",
				"header": [],
				"body": {
					"mode": "raw",
					"raw": "{\r\n  \"email\": \"harideep@yopmail.com\",\r\n  \"password\": \"Cosmos12#\",\r\n  \"toolName\":\"Timesheet Tracker\"\r\n}\r\n",
					"options": {
						"raw": {
							"language": "json"
						}
					}
				},
				"url": "https://onboarding-uat.msrcosmos.com/api/user/login"
			},
			"response": []
		},
		{
			"name": "Login Continue",
			"request": {
				"method": "POST",
				"header": [],
				"url": {
					"raw": "https://onboarding-uat.msrcosmos.com/api/user/login/continue?userEmail=harideep@yopmail.com",
					"protocol": "https",
					"host": [
						"onboarding-uat",
						"msrcosmos",
						"com"
					],
					"path": [
						"api",
						"user",
						"login",
						"continue"
					],
					"query": [
						{
							"key": "userEmail",
							"value": "harideep@yopmail.com"
						}
					]
				}
			},
			"response": []
		},
		{
			"name": "Login Exists Overwrite",
			"request": {
				"method": "POST",
				"header": [],
				"body": {
					"mode": "raw",
					"raw": "{\r\n  \"email\": \"harideep@yopmail.com\",\r\n  \"password\": \"Cosmos12#\",\r\n  \"toolName\":\"Timesheet Tracker\",\r\n  \"firstLogin\":true\r\n}\r\n",
					"options": {
						"raw": {
							"language": "json"
						}
					}
				},
				"url": "https://onboarding-uat.msrcosmos.com/api/user/login"
			},
			"response": []
		}
	]
}