{
	"info": {
		"_postman_id": "e1fc21e3-d41a-455a-911a-ffcd70c4b991",
		"name": "Mobile Force Update",
		"schema": "https://schema.getpostman.com/json/collection/v2.0.0/collection.json",
		"_exporter_id": "23389875",
		"_collection_link": "https://msr-cosmos.postman.co/workspace/Timesheet~24d1fdf5-23b1-4123-8405-c20ac5a1bdef/collection/25371995-e1fc21e3-d41a-455a-911a-ffcd70c4b991?action=share&source=collection_link&creator=23389875"
	},
	"item": [
		{
			"name": "Get All Mobile Force Update",
			"request": {
				"auth": {
					"type": "bearer",
					"bearer": {
						"token": "{{token}}"
					}
				},
				"method": "GET",
				"header": [],
				"url": {
					"raw": "{{baseurl}}/api/v1/mobile/get_all_mobile_force_update?pagenumber=1&pagesize=25",
					"host": [
						"{{baseurl}}"
					],
					"path": [
						"api",
						"v1",
						"mobile",
						"get_all_mobile_force_update"
					],
					"query": [
						{
							"key": "pagenumber",
							"value": "1"
						},
						{
							"key": "pagesize",
							"value": "25"
						}
					]
				}
			},
			"response": []
		},
		{
			"name": "Add Mobile Force Update",
			"request": {
				"auth": {
					"type": "bearer",
					"bearer": {
						"token": "{{token}}"
					}
				},
				"method": "POST",
				"header": [
					{
						"key": "Content-Type",
						"value": "application/json",
						"type": "text"
					}
				],
				"body": {
					"mode": "raw",
					"raw": "{\r\n    \"os\":\"ANDROID\", // IOS or ANDROID\r\n    \"app_version\":\"1.0\",\r\n    \"force_update\":true,\r\n    \"description\": \"test description\"\r\n}"
				},
				"url": "{{baseurl}}/api/v1/mobile/insert_mobile_force_update"
			},
			"response": []
		},
		{
			"name": "Add Mobile Force Update Access",
			"request": {
				"auth": {
					"type": "bearer",
					"bearer": {
						"token": "{{token}}"
					}
				},
				"method": "POST",
				"header": [
					{
						"key": "Content-Type",
						"value": "application/json",
						"type": "text"
					}
				],
				"body": {
					"mode": "raw",
					"raw": "{\r\n    \"email\":\"premchand1@yopmail.com\"\r\n}"
				},
				"url": "{{baseurl}}/api/v1/mobile/insert_mobile_force_update_access"
			},
			"response": []
		},
		{
			"name": "Delete Mobile Force Update",
			"request": {
				"auth": {
					"type": "bearer",
					"bearer": {
						"token": "{{token}}"
					}
				},
				"method": "POST",
				"header": [
					{
						"key": "Content-Type",
						"value": "application/json",
						"type": "text"
					}
				],
				"body": {
					"mode": "raw",
					"raw": "{\r\n    \"id\":1\r\n}"
				},
				"url": "{{baseurl}}/api/v1/mobile/delete_mobile_force_update"
			},
			"response": []
		},
		{
			"name": "Delete Mobile Force Update Access Details",
			"request": {
				"auth": {
					"type": "bearer",
					"bearer": {
						"token": "{{token}}"
					}
				},
				"method": "POST",
				"header": [
					{
						"key": "Content-Type",
						"value": "application/json",
						"type": "text"
					}
				],
				"body": {
					"mode": "raw",
					"raw": "{\r\n    \"email\":\"premchand1@yopmail.com\"\r\n}"
				},
				"url": "{{baseurl}}/api/v1/mobile/delete_mobile_force_update_access"
			},
			"response": []
		},
		{
			"name": "Update Mobile Force Update",
			"request": {
				"auth": {
					"type": "bearer",
					"bearer": {
						"token": "{{token}}"
					}
				},
				"method": "PUT",
				"header": [
					{
						"key": "Content-Type",
						"value": "application/json",
						"type": "text"
					}
				],
				"body": {
					"mode": "raw",
					"raw": "{\r\n    \"id\":1,\r\n    \"os\":\"IOS\",\r\n    \"app_version\":\"1.0\",\r\n    \"force_update\":true,\r\n    \"description\": \"test description\"\r\n}"
				},
				"url": "{{baseurl}}/api/v1/mobile/edit_mobile_force_update"
			},
			"response": []
		},
		{
			"name": "Get Mobile Force Update Details By OS and Version",
			"request": {
				"method": "GET",
				"header": [],
				"url": {
					"raw": "{{baseurl}}/api/v1/mobile/get_mobile_force_update_by_os_and_version?os=IOS&app_version=1.0",
					"host": [
						"{{baseurl}}"
					],
					"path": [
						"api",
						"v1",
						"mobile",
						"get_mobile_force_update_by_os_and_version"
					],
					"query": [
						{
							"key": "os",
							"value": "IOS"
						},
						{
							"key": "app_version",
							"value": "1.0"
						}
					]
				}
			},
			"response": []
		},
		{
			"name": "Get Mobile Force Update Details By ID",
			"request": {
				"auth": {
					"type": "bearer",
					"bearer": {
						"token": "{{token}}"
					}
				},
				"method": "GET",
				"header": [],
				"url": {
					"raw": "{{baseurl}}/api/v1/mobile/get_mobile_force_update_by_id?id=1",
					"host": [
						"{{baseurl}}"
					],
					"path": [
						"api",
						"v1",
						"mobile",
						"get_mobile_force_update_by_id"
					],
					"query": [
						{
							"key": "id",
							"value": "1"
						}
					]
				}
			},
			"response": []
		},
		{
			"name": "Get Mobile Force Update Access Details By Email",
			"request": {
				"auth": {
					"type": "bearer",
					"bearer": {
						"token": "{{token}}"
					}
				},
				"method": "GET",
				"header": [],
				"url": {
					"raw": "{{baseurl}}/api/v1/mobile/get_mobile_force_update_access_by_email?email=premchand1@yopmail.com",
					"host": [
						"{{baseurl}}"
					],
					"path": [
						"api",
						"v1",
						"mobile",
						"get_mobile_force_update_access_by_email"
					],
					"query": [
						{
							"key": "email",
							"value": "premchand1@yopmail.com"
						}
					]
				}
			},
			"response": []
		}
	]
}