{
	"info": {
		"_postman_id": "a3645a7c-81b9-44b8-86c8-21ea04c3ef9d",
		"name": "Mobile Device Token",
		"schema": "https://schema.getpostman.com/json/collection/v2.0.0/collection.json",
		"_exporter_id": "23389875",
		"_collection_link": "https://msr-cosmos.postman.co/workspace/Timesheet~24d1fdf5-23b1-4123-8405-c20ac5a1bdef/collection/25371995-a3645a7c-81b9-44b8-86c8-21ea04c3ef9d?action=share&source=collection_link&creator=23389875"
	},
	"item": [
		{
			"name": "Add/Update Mobile Device Token",
			"request": {
				"auth": {
					"type": "bearer",
					"bearer": {
						"token": "{{token}}"
					}
				},
				"method": "POST",
				"header": [
					{
						"key": "Content-Type",
						"value": "application/json",
						"type": "text"
					}
				],
				"body": {
					"mode": "raw",
					"raw": "{\r\n    \"os\":\"ANDROID\",\r\n    \"device_token\":\"newtoken2\",\r\n    \"is_active\": true\r\n}"
				},
				"url": "{{baseurl}}/api/v1/mobile/update_mobile_device"
			},
			"response": []
		}
	]
}