{
	"info": {
		"_postman_id": "82fbfe8d-7ad9-42cf-a6a7-df92b9e3fd3b",
		"name": "Organization",
		"schema": "https://schema.getpostman.com/json/collection/v2.0.0/collection.json",
		"_exporter_id": "23389875",
		"_collection_link": "https://msr-cosmos.postman.co/workspace/Timesheet~24d1fdf5-23b1-4123-8405-c20ac5a1bdef/collection/25371995-82fbfe8d-7ad9-42cf-a6a7-df92b9e3fd3b?action=share&source=collection_link&creator=23389875"
	},
	"item": [
		{
			"name": "getallorganizations",
			"request": {
				"auth": {
					"type": "bearer",
					"bearer": {
						"token": "{{token}}"
					}
				},
				"method": "GET",
				"header": [],
				"url": {
					"raw": "{{baseurl}}/api/v1/organizations/getallorganizations?pagenumber=1&pagesize=5",
					"host": [
						"{{baseurl}}"
					],
					"path": [
						"api",
						"v1",
						"organizations",
						"getallorganizations"
					],
					"query": [
						{
							"key": "pagenumber",
							"value": "1"
						},
						{
							"key": "pagesize",
							"value": "5"
						}
					]
				}
			},
			"response": []
		},
		{
			"name": "get_organization_by_id",
			"request": {
				"auth": {
					"type": "bearer",
					"bearer": {
						"token": "{{token}}"
					}
				},
				"method": "GET",
				"header": [],
				"url": {
					"raw": "{{baseurl}}/api/v1/organizations/get_organization_by_id?id=2",
					"host": [
						"{{baseurl}}"
					],
					"path": [
						"api",
						"v1",
						"organizations",
						"get_organization_by_id"
					],
					"query": [
						{
							"key": "id",
							"value": "2"
						}
					]
				}
			},
			"response": []
		},
		{
			"name": "get_organization_by_org_id",
			"request": {
				"auth": {
					"type": "bearer",
					"bearer": {
						"token": "{{token}}"
					}
				},
				"method": "GET",
				"header": [],
				"url": {
					"raw": "{{baseurl}}/api/v1/organizations/get_organization_by_org_id?org_id=255",
					"host": [
						"{{baseurl}}"
					],
					"path": [
						"api",
						"v1",
						"organizations",
						"get_organization_by_org_id"
					],
					"query": [
						{
							"key": "org_id",
							"value": "255"
						}
					]
				}
			},
			"response": []
		},
		{
			"name": "insertorganization",
			"request": {
				"auth": {
					"type": "bearer",
					"bearer": {
						"token": "{{token}}"
					}
				},
				"method": "POST",
				"header": [],
				"body": {
					"mode": "formdata",
					"formdata": [
						{
							"key": "allow_placement",
							"value": "true",
							"type": "text"
						},
						{
							"key": "createdby",
							"value": "1",
							"type": "text"
						},
						{
							"key": "domain",
							"value": "web-timesheets-uat.azurewebsites.net",
							"type": "text"
						},
						{
							"key": "ecdb_tool_name",
							"value": "Timesheet Tracker",
							"type": "text"
						},
						{
							"key": "org_id",
							"value": "253",
							"type": "text"
						},
						{
							"key": "org_name",
							"value": "MSRCOSMOS",
							"type": "text"
						},
						{
							"key": "org_prefix",
							"value": "TS",
							"type": "text"
						},
						{
							"key": "prospective_admin_id",
							"value": "1",
							"type": "text"
						},
						{
							"key": "record_type_status",
							"value": "Active",
							"type": "text"
						},
						{
							"key": "logo",
							"type": "file",
							"src": "/C:/Users/Msr/Desktop/msrvantage-saas/servers/Rewards/images/amazon (1) (1).png"
						},
						{
							"key": "email_reminder_1",
							"value": "Monday",
							"type": "text"
						},
						{
							"key": "email_reminder_2",
							"value": "Thursday",
							"type": "text"
						}
					]
				},
				"url": "{{baseurl}}/api/v1/organizations/insertorganization"
			},
			"response": []
		},
		{
			"name": "editorganization",
			"request": {
				"auth": {
					"type": "bearer",
					"bearer": {
						"token": "{{token}}"
					}
				},
				"method": "PUT",
				"header": [],
				"body": {
					"mode": "formdata",
					"formdata": [
						{
							"key": "id",
							"value": "3",
							"type": "text"
						},
						{
							"key": "allow_placement",
							"value": "true",
							"type": "text"
						},
						{
							"key": "domain",
							"value": "web-timesheets-uat.azurewebsites.net",
							"type": "text"
						},
						{
							"key": "ecdb_tool_name",
							"value": "Timesheet Tracker",
							"type": "text"
						},
						{
							"key": "org_id",
							"value": "253",
							"type": "text"
						},
						{
							"key": "org_name",
							"value": "MSRCOSMOS",
							"type": "text"
						},
						{
							"key": "org_prefix",
							"value": "MSR",
							"type": "text"
						},
						{
							"key": "prospective_admin_id",
							"value": "1",
							"type": "text"
						},
						{
							"key": "record_type_status",
							"value": "Active",
							"type": "text"
						},
						{
							"key": "updatedby",
							"value": "1",
							"type": "text"
						},
						{
							"key": "logo",
							"type": "file",
							"src": "/C:/Users/Msr/Pictures/Nature(4).jpg"
						},
						{
							"key": "email_reminder_1",
							"value": "Monday",
							"type": "text"
						},
						{
							"key": "email_reminder_2",
							"value": "Thursday",
							"type": "text"
						}
					]
				},
				"url": "{{baseurl}}/api/v1/organizations/editorganization"
			},
			"response": []
		},
		{
			"name": "edit_organization_setting",
			"request": {
				"auth": {
					"type": "bearer",
					"bearer": {
						"token": "{{token}}"
					}
				},
				"method": "PUT",
				"header": [],
				"body": {
					"mode": "raw",
					"raw": "{\r\n    \"allowed_past_entry_days\": 200\r\n}",
					"options": {
						"raw": {
							"language": "json"
						}
					}
				},
				"url": "{{baseurl}}/api/v1/organizations/edit_organization_setting"
			},
			"response": []
		},
		{
			"name": "Update Organization QB Setting",
			"request": {
				"auth": {
					"type": "bearer",
					"bearer": {
						"token": "{{token}}"
					}
				},
				"method": "PUT",
				"header": [
					{
						"key": "Content-Type",
						"value": "application/json",
						"type": "text"
					}
				],
				"body": {
					"mode": "raw",
					"raw": "{\r\n    \"enable_quickbooks\":true,\r\n    \"qb_transactions_setting\": [\r\n       {\r\n            \"transaction_name\": \"getemployeedatabyname\",\r\n\t\t\t\"is_enabled\": true\r\n        },\r\n\t\t{\r\n            \"transaction_name\": \"getcustomerdatabyname\",\r\n\t\t\t\"is_enabled\": true\r\n        },\r\n\t\t{\r\n            \"transaction_name\": \"getvendordatabyname\",\r\n\t\t\t\"is_enabled\": true\r\n        },\r\n\t\t{\r\n            \"transaction_name\": \"getitemdatabyname\",\r\n\t\t\t\"is_enabled\": true\r\n        },\r\n\t\t{\r\n            \"transaction_name\": \"send_project_wise_timesheet_to_qb\",\r\n\t\t\t\"is_enabled\": true\r\n        } \r\n    ]\r\n}",
					"options": {
						"raw": {
							"language": "json"
						}
					}
				},
				"url": "{{baseurl}}/api/v1/organizations/update_organization_qb_setting"
			},
			"response": []
		},
		{
			"name": "Update Organization ADP Setting",
			"request": {
				"auth": {
					"type": "bearer",
					"bearer": {
						"token": "{{token}}"
					}
				},
				"method": "PUT",
				"header": [
					{
						"key": "Content-Type",
						"value": "application/json",
						"type": "text"
					}
				],
				"body": {
					"mode": "raw",
					"raw": "{\r\n    \"enable_adp\":true\r\n}",
					"options": {
						"raw": {
							"language": "json"
						}
					}
				},
				"url": "{{baseurl}}/api/v1/organizations/update_organization_qb_setting"
			},
			"response": []
		},
		{
			"name": "Update Organization Weekly Reminder Setting",
			"request": {
				"auth": {
					"type": "bearer",
					"bearer": {
						"token": "{{token}}"
					}
				},
				"method": "PUT",
				"header": [
					{
						"key": "Content-Type",
						"value": "application/json",
						"type": "text"
					}
				],
				"body": {
					"mode": "raw",
					"raw": "{\r\n    \"email_reminder_1\":\"Monday\",\r\n    \"email_reminder_2\":\"Thursday\"\r\n}",
					"options": {
						"raw": {
							"language": "json"
						}
					}
				},
				"url": "{{baseurl}}/api/v1/organizations/update_organization_weekly_reminder_setting"
			},
			"response": []
		},
		{
			"name": "Get Quibooks Transaction Names",
			"request": {
				"auth": {
					"type": "bearer",
					"bearer": {
						"token": "{{token}}"
					}
				},
				"method": "GET",
				"header": [],
				"url": "{{baseurl}}/api/v1/organizations/get_qb_transaction_names"
			},
			"response": []
		},
		{
			"name": "Get Quibooks Transactions Setting By Org",
			"request": {
				"auth": {
					"type": "bearer",
					"bearer": {
						"token": "{{token}}"
					}
				},
				"method": "GET",
				"header": [],
				"url": "{{baseurl}}/api/v1/organizations/get_qb_transactions_setting"
			},
			"response": []
		},
		{
			"name": "Get Quibooks Transactions Setting By Name",
			"request": {
				"auth": {
					"type": "bearer",
					"bearer": {
						"token": "{{token}}"
					}
				},
				"method": "GET",
				"header": [],
				"url": {
					"raw": "{{baseurl}}/api/v1/organizations/get_qb_transactions_setting_by_name?name=getemployeedatabyname",
					"host": [
						"{{baseurl}}"
					],
					"path": [
						"api",
						"v1",
						"organizations",
						"get_qb_transactions_setting_by_name"
					],
					"query": [
						{
							"key": "name",
							"value": "getemployeedatabyname"
						}
					]
				}
			},
			"response": []
		},
		{
			"name": "Get Client Manager Mandatory",
			"request": {
				"auth": {
					"type": "bearer",
					"bearer": {
						"token": "{{token}}"
					}
				},
				"method": "GET",
				"header": [],
				"url": "{{baseurl}}/api/v1/organizations/get_client_manager_mandatory"
			},
			"response": []
		},
		{
			"name": "Update Organization Maximum Allowed Hours Setting",
			"request": {
				"auth": {
					"type": "bearer",
					"bearer": {
						"token": "{{token}}"
					}
				},
				"method": "PUT",
				"header": [
					{
						"key": "Content-Type",
						"value": "application/json",
						"type": "text"
					}
				],
				"body": {
					"mode": "raw",
					"raw": "{\r\n    \"max_regular_hours\":8\r\n}",
					"options": {
						"raw": {
							"language": "json"
						}
					}
				},
				"url": "{{baseurl}}/api/v1/organizations/update_organization_hours_setting"
			},
			"response": []
		},
		{
			"name": "Update Organization Notification Email Setting",
			"request": {
				"auth": {
					"type": "bearer",
					"bearer": {
						"token": "{{token}}"
					}
				},
				"method": "PUT",
				"header": [
					{
						"key": "Content-Type",
						"value": "application/json",
						"type": "text"
					}
				],
				"body": {
					"mode": "raw",
					"raw": "{\r\n\"notify_to_email\": \"masood.m@msr-it.com\",\r\n\"notification_enabled\": false\r\n}",
					"options": {
						"raw": {
							"language": "json"
						}
					}
				},
				"url": "{{baseurl}}/api/v1/organizations/update_organization_email_setting"
			},
			"response": []
		}
	]
}