{
	"info": {
		"_postman_id": "9d56e2b4-71d9-43e6-ae68-5419c50adcc4",
		"name": "Placement API",
		"schema": "https://schema.getpostman.com/json/collection/v2.0.0/collection.json",
		"_exporter_id": "23389875",
		"_collection_link": "https://msr-cosmos.postman.co/workspace/Timesheet~24d1fdf5-23b1-4123-8405-c20ac5a1bdef/collection/25371995-9d56e2b4-71d9-43e6-ae68-5419c50adcc4?action=share&source=collection_link&creator=23389875"
	},
	"item": [
		{
			"name": "Get Placement Details By Placement Code",
			"request": {
				"method": "GET",
				"header": [],
				"url": {
					"raw": "https://placements-uat.msrcosmos.com/placements/placements/getPlacement?placementId=TS000245&orgId=255&empId=3320&candidateId=2374",
					"protocol": "https",
					"host": [
						"placements-uat",
						"msrcosmos",
						"com"
					],
					"path": [
						"placements",
						"placements",
						"getPlacement"
					],
					"query": [
						{
							"key": "placementId",
							"value": "TS000245"
						},
						{
							"key": "orgId",
							"value": "255"
						},
						{
							"key": "empId",
							"value": "3320"
						},
						{
							"key": "candidateId",
							"value": "2374"
						}
					]
				}
			},
			"response": []
		},
		{
			"name": "Get Placement Termination Reasons",
			"request": {
				"method": "GET",
				"header": [],
				"url": "https://placements-uat.msrcosmos.com/placements/reasons/activeReasons/255"
			},
			"response": []
		},
		{
			"name": "Update Placement Status as Closed",
			"request": {
				"method": "POST",
				"header": [
					{
						"key": "Content-Type",
						"value": "application/json",
						"type": "text"
					}
				],
				"body": {
					"mode": "raw",
					"raw": "{\r\n    \"id\":3717, // placement_project_id\r\n    \"closedDate\":\"14-09-2022\",\r\n    \"reasonId\":92,\r\n    \"reasonName\":\"Placement Completed\",\r\n    \"placementStatusId\":9, // static value as 9\r\n    \"updatedBy\":\"201\" // ecdb user id\r\n}\r\n"
				},
				"url": "https://placements-uat.msrcosmos.com/placements/placements/updatePlacementHrms"
			},
			"response": []
		},
		{
			"name": "placements/incentives/adpworkerid",
			"request": {
				"method": "GET",
				"header": [],
				"url": {
					"raw": "https://placements-uat.msrcosmos.com/placements/incentives/adpworkerid?workerid=7CPD7F284",
					"protocol": "https",
					"host": [
						"placements-uat",
						"msrcosmos",
						"com"
					],
					"path": [
						"placements",
						"incentives",
						"adpworkerid"
					],
					"query": [
						{
							"key": "workerid",
							"value": "7CPD7F284"
						}
					]
				}
			},
			"response": []
		}
	]
}