{
	"info": {
		"_postman_id": "8bcc047e-7b8a-49c2-bd40-429138cbe36d",
		"name": "Projects",
		"schema": "https://schema.getpostman.com/json/collection/v2.0.0/collection.json",
		"_exporter_id": "23389875",
		"_collection_link": "https://msr-cosmos.postman.co/workspace/Timesheet~24d1fdf5-23b1-4123-8405-c20ac5a1bdef/collection/25371995-8bcc047e-7b8a-49c2-bd40-429138cbe36d?action=share&source=collection_link&creator=23389875"
	},
	"item": [
		{
			"name": "Get All Projects",
			"request": {
				"auth": {
					"type": "bearer",
					"bearer": {
						"token": "{{token}}"
					}
				},
				"method": "GET",
				"header": [],
				"url": {
					"raw": "{{baseurl}}/api/v1/projects2/get_all_projects?keyword=REJECTED",
					"host": [
						"{{baseurl}}"
					],
					"path": [
						"api",
						"v1",
						"projects2",
						"get_all_projects"
					],
					"query": [
						{
							"key": "pagenumber",
							"value": "1",
							"disabled": true
						},
						{
							"key": "pagesize",
							"value": "2",
							"disabled": true
						},
						{
							"key": "user_id",
							"value": "313",
							"disabled": true
						},
						{
							"key": "project_name",
							"value": "naveen chandra-Google",
							"disabled": true
						},
						{
							"key": "placement_code",
							"value": "TS000104",
							"disabled": true
						},
						{
							"key": "project_status",
							"value": "REJECTED",
							"disabled": true
						},
						{
							"key": "is_placement_project",
							"value": "true",
							"disabled": true
						},
						{
							"key": "record_type_status",
							"value": "Active",
							"disabled": true
						},
						{
							"key": "keyword",
							"value": "REJECTED"
						}
					]
				}
			},
			"response": []
		},
		{
			"name": "Filter Projects",
			"request": {
				"auth": {
					"type": "bearer",
					"bearer": {
						"token": "{{token}}"
					}
				},
				"method": "GET",
				"header": [],
				"url": {
					"raw": "{{baseurl}}/api/v1/projects2/filter_projects?project_status=IN_PROGRESS",
					"host": [
						"{{baseurl}}"
					],
					"path": [
						"api",
						"v1",
						"projects2",
						"filter_projects"
					],
					"query": [
						{
							"key": "project_name",
							"value": "google",
							"disabled": true
						},
						{
							"key": "pagenumber",
							"value": "1",
							"disabled": true
						},
						{
							"key": "pagesize",
							"value": "25",
							"disabled": true
						},
						{
							"key": "project_status",
							"value": "IN_PROGRESS"
						}
					]
				}
			},
			"response": []
		},
		{
			"name": "Get Project BY ID",
			"request": {
				"auth": {
					"type": "bearer",
					"bearer": {
						"token": "{{token}}"
					}
				},
				"method": "GET",
				"header": [],
				"url": {
					"raw": "{{baseurl}}/api/v1/projects2/get_project_by_id?id=5",
					"host": [
						"{{baseurl}}"
					],
					"path": [
						"api",
						"v1",
						"projects2",
						"get_project_by_id"
					],
					"query": [
						{
							"key": "id",
							"value": "5"
						}
					]
				}
			},
			"response": []
		},
		{
			"name": "Get Projects List",
			"request": {
				"auth": {
					"type": "bearer",
					"bearer": {
						"token": "{{token}}"
					}
				},
				"method": "GET",
				"header": [],
				"url": "{{baseurl}}/api/v1/projects2/get_projects_list"
			},
			"response": []
		},
		{
			"name": "Get Projects By User ID",
			"request": {
				"auth": {
					"type": "bearer",
					"bearer": {
						"token": "{{token}}"
					}
				},
				"method": "GET",
				"header": [],
				"url": {
					"raw": "{{baseurl}}/api/v1/projects2/get_projects_by_user_id?user_id=281",
					"host": [
						"{{baseurl}}"
					],
					"path": [
						"api",
						"v1",
						"projects2",
						"get_projects_by_user_id"
					],
					"query": [
						{
							"key": "user_id",
							"value": "281"
						}
					]
				}
			},
			"response": []
		},
		{
			"name": "Get Countries List",
			"request": {
				"auth": {
					"type": "bearer",
					"bearer": {
						"token": "{{token}}"
					}
				},
				"method": "GET",
				"header": [],
				"url": {
					"raw": "{{baseurl}}/api/v1/projects2/countries?country_name=Ind",
					"host": [
						"{{baseurl}}"
					],
					"path": [
						"api",
						"v1",
						"projects2",
						"countries"
					],
					"query": [
						{
							"key": "country_name",
							"value": "Ind"
						}
					]
				}
			},
			"response": []
		},
		{
			"name": "Add Project",
			"request": {
				"auth": {
					"type": "bearer",
					"bearer": {
						"token": "{{token}}"
					}
				},
				"method": "POST",
				"header": [
					{
						"key": "Content-Type",
						"value": "application/json",
						"type": "text"
					}
				],
				"body": {
					"mode": "raw",
					"raw": "{\r\n\"user_id\": 22,\r\n\"project_name\": \"Vaishnavi ECDB bolisetty-Google\", \r\n\"project_status\": \"IN_PROGRESS\", \r\n\"start_date\": \"2023-03-01\", \r\n\"end_date\": null, \r\n\"client_manager_name\": \"testclient\", \r\n\"client_manager_email\": \"testclient@yopmail.com\", \r\n\"job_title\": null, \r\n\"is_placement_project\": true, \r\n\"placement_type\": null, \r\n\"placement_project_id\": 123, \r\n\"placement_code\": \"TS001234\", \r\n\"bill_rate\": 20, \r\n\"pay_rate\": 30, \r\n\"bill_rate_currency\": null, \r\n\"is_primary_project\": false,\r\n\"direct_customer_engagement\": false,\r\n\"end_customer_id\": 1, \r\n\"qb_customer_name\": null, \r\n\"qb_customer_id\": null, \r\n\"qb_project_name\": null, \r\n\"qb_project_id\": null, \r\n\"qb_product_id\": null, \r\n\"qb_product_name\": null, \r\n\"work_country\": null, \r\n\"work_email\": null, \r\n\"work_phone\": null, \r\n\"work_state\": null, \r\n\"work_city\": null, \r\n\"is_updated\": false, \r\n\"cancel_date\": null, \r\n\"reason\": null, \r\n\"reason_id\": null, \r\n\"qb_status\": null,\r\n\"vendors\": [\r\n    { \r\n        \"id\":2 \r\n    }\r\n]\r\n}"
				},
				"url": "{{baseurl}}/api/v1/projects2/insert_project"
			},
			"response": []
		},
		{
			"name": "Update Project Name",
			"request": {
				"auth": {
					"type": "bearer",
					"bearer": {
						"token": "{{token}}"
					}
				},
				"method": "POST",
				"header": [
					{
						"key": "Content-Type",
						"value": "application/json",
						"type": "text"
					}
				],
				"body": {
					"mode": "raw",
					"raw": "{\r\n  \"user_id\": 706,\r\n  \"projects\": [\r\n    {\r\n      \"id\": 363,\r\n      \"consultant_name\": \"Jetty Gopi\",\r\n      \"client_name\": \"Thermofisher\"\r\n    },\r\n    {\r\n      \"id\": 364,\r\n      \"consultant_name\": \"Jetty Gopi\",\r\n      \"client_name\": \"HCL\"\r\n    },\r\n    {\r\n      \"id\": 365,\r\n      \"consultant_name\": \"Jetty Gopi\",\r\n      \"client_name\": \"TATA\"\r\n    }\r\n  ]\r\n}\r\n"
				},
				"url": "{{baseurl}}/api/v1/projects2/update_project_names"
			},
			"response": []
		},
		{
			"name": "Edit Project",
			"request": {
				"auth": {
					"type": "bearer",
					"bearer": {
						"token": "{{token}}"
					}
				},
				"method": "PUT",
				"header": [
					{
						"key": "Content-Type",
						"value": "application/json",
						"type": "text"
					}
				],
				"body": {
					"mode": "raw",
					"raw": "{\r\n\"id\":24,\r\n\"user_id\": 22,\r\n\"project_name\": \"Vaishnavi ECDB bolisetty-Google\", \r\n\"project_status\": \"IN_PROGRESS\", \r\n\"start_date\": \"2023-03-01\", \r\n\"end_date\": null, \r\n\"client_manager_name\": \"testclient\", \r\n\"client_manager_email\": \"testclient@yopmail.com\", \r\n\"job_title\": null, \r\n\"is_placement_project\": true, \r\n\"placement_type\": null, \r\n\"placement_project_id\": 123, \r\n\"placement_code\": \"TS001234\", \r\n\"bill_rate\": 20, \r\n\"pay_rate\": 30, \r\n\"bill_rate_currency\": null, \r\n\"is_primary_project\": false,\r\n\"direct_customer_engagement\": false,\r\n\"end_customer_id\": 1, \r\n\"qb_customer_name\": null, \r\n\"qb_customer_id\": null, \r\n\"qb_project_name\": null, \r\n\"qb_project_id\": null, \r\n\"qb_product_id\": null, \r\n\"qb_product_name\": null, \r\n\"work_country\": null, \r\n\"work_email\": null, \r\n\"work_phone\": null, \r\n\"work_state\": null, \r\n\"work_city\": null, \r\n\"is_updated\": false, \r\n\"cancel_date\": null, \r\n\"reason\": null, \r\n\"reason_id\": null, \r\n\"qb_status\": null,\r\n\"record_type_status\": \"Active\",\r\n\"vendors\": [\r\n    { \r\n        \"id\":2 \r\n    }\r\n],\r\n\"project_bill_rates\": [\r\n    {\r\n        \"effective_date\": \"2023-01-30\",\r\n        \"bill_rate\": 10,\r\n        \"agreed_pay_rate\": 20,\r\n        \"bill_rate_currency\": \"INR\"\r\n    },\r\n    {\r\n        \"effective_date\": \"2022-12-30\",\r\n        \"bill_rate\": 50,\r\n        \"agreed_pay_rate\": 20,\r\n        \"bill_rate_currency\": \"USD\"\r\n    },\r\n    {\r\n        \"effective_date\": \"2023-03-08\",\r\n        \"bill_rate\": 20,\r\n        \"agreed_pay_rate\": 30,\r\n        \"bill_rate_currency\": null\r\n    }\r\n]\r\n}"
				},
				"url": "{{baseurl}}/api/v1/projects2/edit_project"
			},
			"response": []
		},
		{
			"name": "Get Project By Placement Code",
			"request": {
				"auth": {
					"type": "bearer",
					"bearer": {
						"token": "{{token}}"
					}
				},
				"method": "GET",
				"header": [],
				"url": {
					"raw": "{{baseurl}}/api/v1/projects2/get_project_by_placement_code?placement_code=TS00035",
					"host": [
						"{{baseurl}}"
					],
					"path": [
						"api",
						"v1",
						"projects2",
						"get_project_by_placement_code"
					],
					"query": [
						{
							"key": "placement_code",
							"value": "TS00035"
						}
					]
				}
			},
			"response": []
		},
		{
			"name": "Get Project By Placement Code Excluding ID",
			"request": {
				"auth": {
					"type": "bearer",
					"bearer": {
						"token": "{{token}}"
					}
				},
				"method": "GET",
				"header": [],
				"url": {
					"raw": "{{baseurl}}/api/v1/projects2/get_project_by_placement_code_excluding_id?placement_code=TS00035&id=2",
					"host": [
						"{{baseurl}}"
					],
					"path": [
						"api",
						"v1",
						"projects2",
						"get_project_by_placement_code_excluding_id"
					],
					"query": [
						{
							"key": "placement_code",
							"value": "TS00035"
						},
						{
							"key": "id",
							"value": "2"
						}
					]
				}
			},
			"response": []
		},
		{
			"name": "Exports - Get All Export Projects",
			"protocolProfileBehavior": {
				"disableBodyPruning": true
			},
			"request": {
				"auth": {
					"type": "bearer",
					"bearer": {
						"token": "{{token}}"
					}
				},
				"method": "GET",
				"header": [
					{
						"key": "Content-Type",
						"value": "application/json",
						"type": "text"
					}
				],
				"body": {
					"mode": "raw",
					"raw": "",
					"options": {
						"raw": {
							"language": "json"
						}
					}
				},
				"url": {
					"raw": "{{baseurl}}/api/v1/projects2/export_all_projects?keyword=cancelled",
					"host": [
						"{{baseurl}}"
					],
					"path": [
						"api",
						"v1",
						"projects2",
						"export_all_projects"
					],
					"query": [
						{
							"key": "user_id",
							"value": "313",
							"disabled": true
						},
						{
							"key": "project_name",
							"value": "naveen chandra-Google",
							"disabled": true
						},
						{
							"key": "placement_code",
							"value": "TS000104",
							"disabled": true
						},
						{
							"key": "project_status",
							"value": "cancelled",
							"disabled": true
						},
						{
							"key": "is_placement_project",
							"value": "true",
							"disabled": true
						},
						{
							"key": "record_type_status",
							"value": "Active",
							"disabled": true
						},
						{
							"key": "is_primary_project",
							"value": "false",
							"disabled": true
						},
						{
							"key": "keyword",
							"value": "cancelled"
						}
					]
				}
			},
			"response": []
		},
		{
			"name": "Sync Projects By User ID",
			"request": {
				"auth": {
					"type": "bearer",
					"bearer": {
						"token": "{{token}}"
					}
				},
				"method": "GET",
				"header": [],
				"url": {
					"raw": "{{baseurl}}/api/v1/projects2/sync_projects_by_user_id?user_id=571",
					"host": [
						"{{baseurl}}"
					],
					"path": [
						"api",
						"v1",
						"projects2",
						"sync_projects_by_user_id"
					],
					"query": [
						{
							"key": "user_id",
							"value": "571"
						}
					]
				}
			},
			"response": []
		},
		{
			"name": "Get Primary Project by User ID",
			"request": {
				"auth": {
					"type": "bearer",
					"bearer": {
						"token": "{{token}}"
					}
				},
				"method": "GET",
				"header": [],
				"url": {
					"raw": "{{baseurl}}/api/v1/projects2/get_primary_project_by_user_id?user_id=207",
					"host": [
						"{{baseurl}}"
					],
					"path": [
						"api",
						"v1",
						"projects2",
						"get_primary_project_by_user_id"
					],
					"query": [
						{
							"key": "user_id",
							"value": "207"
						}
					]
				}
			},
			"response": []
		},
		{
			"name": "Get Active Local Projects by User ID",
			"request": {
				"auth": {
					"type": "bearer",
					"bearer": {
						"token": "{{token}}"
					}
				},
				"method": "GET",
				"header": [],
				"url": {
					"raw": "{{baseurl}}/api/v1/projects2/get_active_local_projects_by_user_id?user_id=789",
					"host": [
						"{{baseurl}}"
					],
					"path": [
						"api",
						"v1",
						"projects2",
						"get_active_local_projects_by_user_id"
					],
					"query": [
						{
							"key": "user_id",
							"value": "789"
						}
					]
				}
			},
			"response": []
		}
	]
}