{
	"info": {
		"_postman_id": "d68b5fc9-b2d0-4014-8cf1-a4a8b02049d8",
		"name": "ProspectiveDB",
		"schema": "https://schema.getpostman.com/json/collection/v2.0.0/collection.json",
		"_exporter_id": "23389875",
		"_collection_link": "https://msr-cosmos.postman.co/workspace/Timesheet~24d1fdf5-23b1-4123-8405-c20ac5a1bdef/collection/16844087-d68b5fc9-b2d0-4014-8cf1-a4a8b02049d8?action=share&source=collection_link&creator=23389875"
	},
	"item": [
		{
			"name": "Search Prospective Employee",
			"request": {
				"method": "GET",
				"header": [],
				"url": "https://prospects-uat.msrcosmos.com/prospective/candidate/search/orgId"
			},
			"response": []
		},
		{
			"name": "https://prospects-uat.msrcosmos.com/prospective/api/list/checkEmail",
			"protocolProfileBehavior": {
				"disableBodyPruning": true
			},
			"request": {
				"method": "GET",
				"header": [],
				"body": {
					"mode": "raw",
					"raw": "{\r\n    \"email\":\"democonsultant@yopmail.com\"\r\n}",
					"options": {
						"raw": {
							"language": "json"
						}
					}
				},
				"url": "https://prospects-uat.msrcosmos.com/prospective/api/list/checkEmail"
			},
			"response": []
		},
		{
			"name": "https://prospects-uat.msrcosmos.com/prospective/profile/search/85397?orgId=252",
			"request": {
				"method": "GET",
				"header": [],
				"url": {
					"raw": "https://prospects-uat.msrcosmos.com/prospective/profile/search/85397?orgId=252",
					"protocol": "https",
					"host": [
						"prospects-uat",
						"msrcosmos",
						"com"
					],
					"path": [
						"prospective",
						"profile",
						"search",
						"85397"
					],
					"query": [
						{
							"key": "orgId",
							"value": "252"
						}
					]
				}
			},
			"response": []
		},
		{
			"name": "https://placements-uat.msrcosmos.com/placements/reasons/activeReasons/252",
			"protocolProfileBehavior": {
				"disableBodyPruning": true
			},
			"request": {
				"method": "GET",
				"header": [],
				"body": {
					"mode": "raw",
					"raw": ""
				},
				"url": "https://placements-uat.msrcosmos.com/placements/reasons/activeReasons/252"
			},
			"response": []
		},
		{
			"name": "https://placements-uat.msrcosmos.com/placements/reasons/listReasons",
			"request": {
				"method": "GET",
				"header": [],
				"url": {
					"raw": "https://placements-uat.msrcosmos.com/api/user/login?email=sandeep.manyam@msr-it.com",
					"protocol": "https",
					"host": [
						"placements-uat",
						"msrcosmos",
						"com"
					],
					"path": [
						"api",
						"user",
						"login"
					],
					"query": [
						{
							"key": "email",
							"value": "sandeep.manyam@msr-it.com"
						},
						{
							"key": "password",
							"value": null,
							"disabled": true
						}
					]
				}
			},
			"response": []
		},
		{
			"name": "https://qacorporateplacements.msrcosmos.com:8081/placements/user/login",
			"request": {
				"auth": {
					"type": "noauth"
				},
				"method": "POST",
				"header": [],
				"body": {
					"mode": "raw",
					"raw": "{\r\n    \"email\": \"sandeepsiva@yopmail.com\",\r\n    \"password\": \"Cosmos12#\"\r\n}",
					"options": {
						"raw": {
							"language": "json"
						}
					}
				},
				"url": "https://placements-uat.msrcosmos.com/placements/user/login"
			},
			"response": []
		},
		{
			"name": "https://qacorporateecdb.msrcosmos.com:8080/api/user/addUser",
			"request": {
				"method": "GET",
				"header": [],
				"url": "https://qacorporateecdb.msrcosmos.com:8080/api/user/addUser"
			},
			"response": []
		},
		{
			"name": "Check Prospective Employee By Email",
			"request": {
				"method": "GET",
				"header": [],
				"url": {
					"raw": "https://prospects-uat.msrcosmos.com/prospective/candidate/search/orgId/255?name=vaishu1@yopmail.com",
					"protocol": "https",
					"host": [
						"prospects-uat",
						"msrcosmos",
						"com"
					],
					"path": [
						"prospective",
						"candidate",
						"search",
						"orgId",
						"255"
					],
					"query": [
						{
							"key": "name",
							"value": "vaishu1@yopmail.com"
						}
					]
				}
			},
			"response": []
		}
	]
}