{
	"info": {
		"_postman_id": "b18ace84-c56e-4ce3-8ab7-0ecc3dd63ff2",
		"name": "QuickBook Authorization",
		"schema": "https://schema.getpostman.com/json/collection/v2.0.0/collection.json",
		"_exporter_id": "23389875",
		"_collection_link": "https://msr-cosmos.postman.co/workspace/Timesheet~24d1fdf5-23b1-4123-8405-c20ac5a1bdef/collection/16844087-b18ace84-c56e-4ce3-8ab7-0ecc3dd63ff2?action=share&source=collection_link&creator=23389875"
	},
	"item": [
		{
			"name": "GenerateToken",
			"request": {
				"method": "GET",
				"header": [],
				"url": {
					"raw": "{{baseurl}}/authUri?org_id=252",
					"host": [
						"{{baseurl}}"
					],
					"path": [
						"authUri"
					],
					"query": [
						{
							"key": "org_id",
							"value": "252"
						}
					]
				}
			},
			"response": []
		},
		{
			"name": "refreshToken",
			"request": {
				"auth": {
					"type": "bearer",
					"bearer": {
						"token": "{{token}}"
					}
				},
				"method": "GET",
				"header": [],
				"url": {
					"raw": "{{baseurl}}/api/v1/token/refreshToken?org_id=252",
					"host": [
						"{{baseurl}}"
					],
					"path": [
						"api",
						"v1",
						"token",
						"refreshToken"
					],
					"query": [
						{
							"key": "org_id",
							"value": "252"
						}
					]
				}
			},
			"response": []
		},
		{
			"name": "savetoken",
			"request": {
				"method": "POST",
				"header": [],
				"body": {
					"mode": "raw",
					"raw": "{\r\n    \"access_token\": \"\",\r\n    \"client_id\": \"ABIJdHqYiIIqFyqxQvWMPpTyqJlIfpzsrSCl8v3QlNSukCM8Zc\",\r\n    \"client_secret\": \"4n0at7njCqgTRv6GpUrx0aK8PIcaP2zf5rLDRQ10\",\r\n    \"environment\": \"Sandbox\",\r\n    \"expires_in\": 3600,\r\n    \"org_id\": 252,\r\n    \"realm_id\": \"4620816365245588740\",\r\n    \"refresh_token\": \"\"\r\n  }",
					"options": {
						"raw": {
							"language": "json"
						}
					}
				},
				"url": "{{baseurl}}/api/v1/index/savetoken"
			},
			"response": []
		}
	]
}