{
	"info": {
		"_postman_id": "959a310f-3569-4075-8bcc-e6e81117f9d9",
		"name": "Reports",
		"schema": "https://schema.getpostman.com/json/collection/v2.0.0/collection.json",
		"_exporter_id": "23389875",
		"_collection_link": "https://msr-cosmos.postman.co/workspace/Timesheet~24d1fdf5-23b1-4123-8405-c20ac5a1bdef/collection/25371995-959a310f-3569-4075-8bcc-e6e81117f9d9?action=share&source=collection_link&creator=23389875"
	},
	"item": [
		{
			"name": "Time Management Report - Employee Wise Time Management Report",
			"protocolProfileBehavior": {
				"disableBodyPruning": true
			},
			"request": {
				"auth": {
					"type": "bearer",
					"bearer": {
						"token": "{{token}}"
					}
				},
				"method": "GET",
				"header": [
					{
						"key": "Content-Type",
						"value": "application/json",
						"type": "text"
					}
				],
				"body": {
					"mode": "raw",
					"raw": "",
					"options": {
						"raw": {
							"language": "json"
						}
					}
				},
				"url": {
					"raw": "{{baseurl}}/api/v1/reports/employee_wise_time_management_report?start_date=2023-05-05&end_date=2023-07-30&keyword=testemployee testemployee",
					"host": [
						"{{baseurl}}"
					],
					"path": [
						"api",
						"v1",
						"reports",
						"employee_wise_time_management_report"
					],
					"query": [
						{
							"key": "pagenumber",
							"value": "1",
							"disabled": true
						},
						{
							"key": "pagesize",
							"value": "25",
							"disabled": true
						},
						{
							"key": "start_date",
							"value": "2023-05-05"
						},
						{
							"key": "end_date",
							"value": "2023-07-30"
						},
						{
							"key": "user_id",
							"value": "207",
							"description": "// optional",
							"disabled": true
						},
						{
							"key": "employee_type",
							"value": "C2C",
							"disabled": true
						},
						{
							"key": "keyword",
							"value": "testemployee testemployee"
						},
						{
							"key": "",
							"value": "",
							"disabled": true
						}
					]
				}
			},
			"response": []
		},
		{
			"name": "Time Management Report - Employee Wise Projects Time Management Report",
			"protocolProfileBehavior": {
				"disableBodyPruning": true
			},
			"request": {
				"auth": {
					"type": "bearer",
					"bearer": {
						"token": "{{token}}"
					}
				},
				"method": "GET",
				"header": [
					{
						"key": "Content-Type",
						"value": "application/json",
						"type": "text"
					}
				],
				"body": {
					"mode": "raw",
					"raw": "",
					"options": {
						"raw": {
							"language": "json"
						}
					}
				},
				"url": {
					"raw": "{{baseurl}}/api/v1/reports/employee_wise_projects_time_management_report?start_date=2023-05-02&end_date=2023-05-31&user_id=207",
					"host": [
						"{{baseurl}}"
					],
					"path": [
						"api",
						"v1",
						"reports",
						"employee_wise_projects_time_management_report"
					],
					"query": [
						{
							"key": "start_date",
							"value": "2023-05-02"
						},
						{
							"key": "end_date",
							"value": "2023-05-31"
						},
						{
							"key": "user_id",
							"value": "207",
							"description": "// optional"
						}
					]
				}
			},
			"response": []
		},
		{
			"name": "Time Management Report - Export Employee Wise Time Management Report",
			"protocolProfileBehavior": {
				"disableBodyPruning": true
			},
			"request": {
				"auth": {
					"type": "bearer",
					"bearer": {
						"token": "{{token}}"
					}
				},
				"method": "GET",
				"header": [
					{
						"key": "Content-Type",
						"value": "application/json",
						"type": "text"
					}
				],
				"body": {
					"mode": "raw",
					"raw": "",
					"options": {
						"raw": {
							"language": "json"
						}
					}
				},
				"url": {
					"raw": "{{baseurl}}/api/v1/reports/export_employee_wise_time_management_report?start_date=2023-06-01&end_date=2023-07-30",
					"host": [
						"{{baseurl}}"
					],
					"path": [
						"api",
						"v1",
						"reports",
						"export_employee_wise_time_management_report"
					],
					"query": [
						{
							"key": "start_date",
							"value": "2023-06-01"
						},
						{
							"key": "end_date",
							"value": "2023-07-30"
						},
						{
							"key": "user_id",
							"value": "207",
							"description": "// optional",
							"disabled": true
						},
						{
							"key": "employee_type",
							"value": "C2C",
							"disabled": true
						},
						{
							"key": "keyword",
							"value": "C2C",
							"disabled": true
						}
					]
				}
			},
			"response": []
		},
		{
			"name": "Time Management Report - Project Wise Time Management Report",
			"protocolProfileBehavior": {
				"disableBodyPruning": true
			},
			"request": {
				"auth": {
					"type": "bearer",
					"bearer": {
						"token": "{{token}}"
					}
				},
				"method": "GET",
				"header": [
					{
						"key": "Content-Type",
						"value": "application/json",
						"type": "text"
					}
				],
				"body": {
					"mode": "raw",
					"raw": "",
					"options": {
						"raw": {
							"language": "json"
						}
					}
				},
				"url": {
					"raw": "{{baseurl}}/api/v1/reports/project_wise_time_management_report?start_date=2023-05-01&end_date=2023-09-30&keyword=completed",
					"host": [
						"{{baseurl}}"
					],
					"path": [
						"api",
						"v1",
						"reports",
						"project_wise_time_management_report"
					],
					"query": [
						{
							"key": "pagenumber",
							"value": "1",
							"disabled": true
						},
						{
							"key": "pagesize",
							"value": "25",
							"disabled": true
						},
						{
							"key": "start_date",
							"value": "2023-05-01"
						},
						{
							"key": "end_date",
							"value": "2023-09-30"
						},
						{
							"key": "project_id",
							"value": "68",
							"description": "// optional",
							"disabled": true
						},
						{
							"key": "placement_type",
							"value": "C2C",
							"disabled": true
						},
						{
							"key": "employee_id",
							"value": "TS0207",
							"disabled": true
						},
						{
							"key": "keyword",
							"value": "completed"
						},
						{
							"key": "project_name",
							"value": "chaitnaya singh-HCL",
							"disabled": true
						},
						{
							"key": "placement_code",
							"value": "TS00039",
							"disabled": true
						},
						{
							"key": "project_status",
							"value": "IN_PROGRESS",
							"disabled": true
						},
						{
							"key": "full_name",
							"value": "Sandhya Rani",
							"disabled": true
						},
						{
							"key": "end_customer",
							"value": "Google",
							"disabled": true
						},
						{
							"key": "project_vendors",
							"value": "HCL",
							"disabled": true
						},
						{
							"key": "user_id",
							"value": "281",
							"disabled": true
						},
						{
							"key": "is_placement_project",
							"value": "false",
							"disabled": true
						},
						{
							"key": "project_start_date",
							"value": "2023-03-01",
							"disabled": true
						}
					]
				}
			},
			"response": []
		},
		{
			"name": "Time Management Report -  Project Wise Employees Time Management Report",
			"protocolProfileBehavior": {
				"disableBodyPruning": true
			},
			"request": {
				"auth": {
					"type": "bearer",
					"bearer": {
						"token": "{{token}}"
					}
				},
				"method": "GET",
				"header": [
					{
						"key": "Content-Type",
						"value": "application/json",
						"type": "text"
					}
				],
				"body": {
					"mode": "raw",
					"raw": "",
					"options": {
						"raw": {
							"language": "json"
						}
					}
				},
				"url": {
					"raw": "{{baseurl}}/api/v1/reports/project_wise_employees_time_management_report?start_date=2023-03-01&end_date=2023-06-30",
					"host": [
						"{{baseurl}}"
					],
					"path": [
						"api",
						"v1",
						"reports",
						"project_wise_employees_time_management_report"
					],
					"query": [
						{
							"key": "start_date",
							"value": "2023-03-01"
						},
						{
							"key": "end_date",
							"value": "2023-06-30"
						},
						{
							"key": "project_id",
							"value": "44",
							"disabled": true
						}
					]
				}
			},
			"response": []
		},
		{
			"name": "Time Management Report - Export Project Wise Time Management Report",
			"protocolProfileBehavior": {
				"disableBodyPruning": true
			},
			"request": {
				"auth": {
					"type": "bearer",
					"bearer": {
						"token": "{{token}}"
					}
				},
				"method": "GET",
				"header": [
					{
						"key": "Content-Type",
						"value": "application/json",
						"type": "text"
					}
				],
				"body": {
					"mode": "raw",
					"raw": "",
					"options": {
						"raw": {
							"language": "json"
						}
					}
				},
				"url": {
					"raw": "{{baseurl}}/api/v1/reports/export_project_wise_time_management_report?start_date=2023-05-01&end_date=2023-06-30&project_status=IN_PROGRESS&full_name=Sandhya Rani&is_placement_project=false",
					"host": [
						"{{baseurl}}"
					],
					"path": [
						"api",
						"v1",
						"reports",
						"export_project_wise_time_management_report"
					],
					"query": [
						{
							"key": "start_date",
							"value": "2023-05-01"
						},
						{
							"key": "end_date",
							"value": "2023-06-30"
						},
						{
							"key": "project_id",
							"value": "68",
							"disabled": true
						},
						{
							"key": "placement_type",
							"value": "W2",
							"disabled": true
						},
						{
							"key": "employee_id",
							"value": "TS0294",
							"disabled": true
						},
						{
							"key": "keyword",
							"value": "2023-03-01",
							"disabled": true
						},
						{
							"key": "project_name",
							"value": "chaitnaya singh-HCL",
							"disabled": true
						},
						{
							"key": "placement_code",
							"value": "TS00039",
							"disabled": true
						},
						{
							"key": "project_status",
							"value": "IN_PROGRESS"
						},
						{
							"key": "full_name",
							"value": "Sandhya Rani"
						},
						{
							"key": "end_customer",
							"value": "Google",
							"disabled": true
						},
						{
							"key": "project_vendors",
							"value": "HCL",
							"disabled": true
						},
						{
							"key": "project_start_date",
							"value": "2023-03-01",
							"disabled": true
						},
						{
							"key": "is_placement_project",
							"value": "false"
						}
					]
				}
			},
			"response": []
		},
		{
			"name": "Timesheet Report - Timesheet Report With Date Range",
			"protocolProfileBehavior": {
				"disableBodyPruning": true
			},
			"request": {
				"auth": {
					"type": "bearer",
					"bearer": {
						"token": "{{token}}"
					}
				},
				"method": "GET",
				"header": [
					{
						"key": "Content-Type",
						"value": "application/json",
						"type": "text"
					}
				],
				"body": {
					"mode": "file",
					"file": {
						"src": ""
					}
				},
				"url": {
					"raw": "http://192.168.92.54:8899/api/v1/reports/project_wise_employee_timesheet_report?keyword=In Progress&start_date=2023-07-01&end_date=2024-07-31&pagenumber=1&pagesize=25",
					"protocol": "http",
					"host": [
						"192",
						"168",
						"92",
						"54"
					],
					"port": "8899",
					"path": [
						"api",
						"v1",
						"reports",
						"project_wise_employee_timesheet_report"
					],
					"query": [
						{
							"key": "user_id",
							"value": "1205",
							"disabled": true
						},
						{
							"key": "keyword",
							"value": "In Progress"
						},
						{
							"key": "employee_id",
							"value": "TS0001",
							"disabled": true
						},
						{
							"key": "employee_name",
							"value": "aadya minnu",
							"disabled": true
						},
						{
							"key": "project_name",
							"value": "TATA-Aadya Minnu",
							"disabled": true
						},
						{
							"key": "project_id",
							"value": "44",
							"disabled": true
						},
						{
							"key": "start_date",
							"value": "2023-07-01"
						},
						{
							"key": "end_date",
							"value": "2024-07-31"
						},
						{
							"key": "employee_type",
							"value": "C2C",
							"disabled": true
						},
						{
							"key": "project_id",
							"value": "92",
							"disabled": true
						},
						{
							"key": "project_status",
							"value": "IN_PROGRESS",
							"disabled": true
						},
						{
							"key": "pagenumber",
							"value": "1"
						},
						{
							"key": "pagesize",
							"value": "25"
						}
					]
				}
			},
			"response": []
		},
		{
			"name": "Timesheet Report - Export Timesheet Report With Date Range",
			"protocolProfileBehavior": {
				"disableBodyPruning": true
			},
			"request": {
				"auth": {
					"type": "bearer",
					"bearer": {
						"token": "{{token}}"
					}
				},
				"method": "GET",
				"header": [
					{
						"key": "Content-Type",
						"value": "application/json",
						"type": "text"
					}
				],
				"body": {
					"mode": "raw",
					"raw": "",
					"options": {
						"raw": {
							"language": "json"
						}
					}
				},
				"url": {
					"raw": "{{baseurl}}/api/v1/reports/export_project_wise_employee_timesheet_report?start_date=2023-08-05&end_date=2023-08-12",
					"host": [
						"{{baseurl}}"
					],
					"path": [
						"api",
						"v1",
						"reports",
						"export_project_wise_employee_timesheet_report"
					],
					"query": [
						{
							"key": "user_id",
							"value": "207",
							"disabled": true
						},
						{
							"key": "keyword",
							"value": "In Progress",
							"disabled": true
						},
						{
							"key": "employee_type",
							"value": "null",
							"disabled": true
						},
						{
							"key": "employee_id",
							"value": "TS0001",
							"disabled": true
						},
						{
							"key": "employee_name",
							"value": "aadya minnu",
							"disabled": true
						},
						{
							"key": "project_name",
							"value": "TATA-Aadya Minnu",
							"disabled": true
						},
						{
							"key": "project_status",
							"value": "CANCELLED",
							"disabled": true
						},
						{
							"key": "project_id",
							"value": "44",
							"disabled": true
						},
						{
							"key": "start_date",
							"value": "2023-08-05"
						},
						{
							"key": "end_date",
							"value": "2023-08-12"
						}
					]
				}
			},
			"response": []
		},
		{
			"name": "Timesheet Submission Report",
			"protocolProfileBehavior": {
				"disableBodyPruning": true
			},
			"request": {
				"auth": {
					"type": "bearer",
					"bearer": {
						"token": "{{token}}"
					}
				},
				"method": "GET",
				"header": [
					{
						"key": "Content-Type",
						"value": "application/json",
						"type": "text"
					}
				],
				"body": {
					"mode": "raw",
					"raw": "",
					"options": {
						"raw": {
							"language": "json"
						}
					}
				},
				"url": {
					"raw": "{{baseurl}}/api/v1/reports/timesheet_submission_report?pagenumber=1&pagesize=25&keyword=C2C&start_date=2023-06-05&end_date=2023-06-30",
					"host": [
						"{{baseurl}}"
					],
					"path": [
						"api",
						"v1",
						"reports",
						"timesheet_submission_report"
					],
					"query": [
						{
							"key": "pagenumber",
							"value": "1"
						},
						{
							"key": "pagesize",
							"value": "25"
						},
						{
							"key": "user_id",
							"value": "44",
							"disabled": true
						},
						{
							"key": "project_id",
							"value": "13",
							"disabled": true
						},
						{
							"key": "employee_id",
							"value": "TS0044",
							"disabled": true
						},
						{
							"key": "employee_type",
							"value": "C2C",
							"disabled": true
						},
						{
							"key": "keyword",
							"value": "C2C"
						},
						{
							"key": "project_name",
							"value": "chaitnaya singh-HCL",
							"disabled": true
						},
						{
							"key": "start_date",
							"value": "2023-06-05"
						},
						{
							"key": "end_date",
							"value": "2023-06-30"
						}
					]
				}
			},
			"response": []
		},
		{
			"name": "Export Timesheet Submission Report",
			"protocolProfileBehavior": {
				"disableBodyPruning": true
			},
			"request": {
				"auth": {
					"type": "bearer",
					"bearer": {
						"token": "{{token}}"
					}
				},
				"method": "GET",
				"header": [
					{
						"key": "Content-Type",
						"value": "application/json",
						"type": "text"
					}
				],
				"body": {
					"mode": "raw",
					"raw": "",
					"options": {
						"raw": {
							"language": "json"
						}
					}
				},
				"url": {
					"raw": "{{baseurl}}/api/v1/reports/export_timesheet_submission_report?keyword=C2C&start_date=2023-06-05&end_date=2023-06-30",
					"host": [
						"{{baseurl}}"
					],
					"path": [
						"api",
						"v1",
						"reports",
						"export_timesheet_submission_report"
					],
					"query": [
						{
							"key": "user_id",
							"value": "207",
							"disabled": true
						},
						{
							"key": "project_id",
							"value": "13",
							"disabled": true
						},
						{
							"key": "employee_id",
							"value": "TS0044",
							"disabled": true
						},
						{
							"key": "employee_type",
							"value": "W2",
							"disabled": true
						},
						{
							"key": "project_name",
							"value": "chaitnaya singh-HCL",
							"disabled": true
						},
						{
							"key": "keyword",
							"value": "C2C"
						},
						{
							"key": "start_date",
							"value": "2023-06-05"
						},
						{
							"key": "end_date",
							"value": "2023-06-30"
						}
					]
				}
			},
			"response": []
		},
		{
			"name": "Get Employees Report",
			"protocolProfileBehavior": {
				"disableBodyPruning": true
			},
			"request": {
				"auth": {
					"type": "bearer",
					"bearer": {
						"token": "{{token}}"
					}
				},
				"method": "GET",
				"header": [
					{
						"key": "Content-Type",
						"value": "application/json",
						"type": "text"
					}
				],
				"body": {
					"mode": "raw",
					"raw": "",
					"options": {
						"raw": {
							"language": "json"
						}
					}
				},
				"url": {
					"raw": "{{baseurl}}/api/v1/reports/get_employees_report?joining_date=2022-11-01",
					"host": [
						"{{baseurl}}"
					],
					"path": [
						"api",
						"v1",
						"reports",
						"get_employees_report"
					],
					"query": [
						{
							"key": "pagenumber",
							"value": "1",
							"disabled": true
						},
						{
							"key": "pagesize",
							"value": "25",
							"disabled": true
						},
						{
							"key": "keyword",
							"value": "Joseph6",
							"disabled": true
						},
						{
							"key": "employee_type",
							"value": "W2",
							"disabled": true
						},
						{
							"key": "role_name",
							"value": "Employee",
							"disabled": true
						},
						{
							"key": "first_name",
							"value": "Mary test at 6.19",
							"disabled": true
						},
						{
							"key": "last_name",
							"value": "MaryMary",
							"disabled": true
						},
						{
							"key": "full_name",
							"value": "Mary test at 6.19 MaryMary",
							"disabled": true
						},
						{
							"key": "email",
							"value": "Joseph6.20@yopmail.com",
							"disabled": true
						},
						{
							"key": "adp_associate_id",
							"value": "232323",
							"disabled": true
						},
						{
							"key": "department_id",
							"value": "0",
							"disabled": true
						},
						{
							"key": "department_name",
							"value": "",
							"disabled": true
						},
						{
							"key": "country_name",
							"value": "India",
							"disabled": true
						},
						{
							"key": "employee_id",
							"value": "TS0161",
							"disabled": true
						},
						{
							"key": "ecdb_user_id",
							"value": "2575",
							"disabled": true
						},
						{
							"key": "prospective_user_id",
							"value": "",
							"disabled": true
						},
						{
							"key": "qb_employee_name",
							"value": "",
							"disabled": true
						},
						{
							"key": "qb_employee_id",
							"value": "",
							"disabled": true
						},
						{
							"key": "user_status",
							"value": "ACTIVE",
							"disabled": true
						},
						{
							"key": "work_country",
							"value": "India",
							"disabled": true
						},
						{
							"key": "record_type_status",
							"value": "Active",
							"disabled": true
						},
						{
							"key": "joining_date",
							"value": "2022-11-01"
						}
					]
				}
			},
			"response": []
		},
		{
			"name": "Export Employees Report",
			"protocolProfileBehavior": {
				"disableBodyPruning": true
			},
			"request": {
				"auth": {
					"type": "bearer",
					"bearer": {
						"token": "{{token}}"
					}
				},
				"method": "GET",
				"header": [
					{
						"key": "Content-Type",
						"value": "application/json",
						"type": "text"
					}
				],
				"body": {
					"mode": "raw",
					"raw": "",
					"options": {
						"raw": {
							"language": "json"
						}
					}
				},
				"url": {
					"raw": "{{baseurl}}/api/v1/reports/export_employees_report",
					"host": [
						"{{baseurl}}"
					],
					"path": [
						"api",
						"v1",
						"reports",
						"export_employees_report"
					],
					"query": [
						{
							"key": "keyword",
							"value": "Joseph6",
							"disabled": true
						},
						{
							"key": "employee_type",
							"value": "W2",
							"disabled": true
						},
						{
							"key": "role_name",
							"value": "Employee",
							"disabled": true
						},
						{
							"key": "first_name",
							"value": "Mary test at 6.19",
							"disabled": true
						},
						{
							"key": "last_name",
							"value": "MaryMary",
							"disabled": true
						},
						{
							"key": "full_name",
							"value": "Mary test at 6.19 MaryMary",
							"disabled": true
						},
						{
							"key": "email",
							"value": "Joseph6.20@yopmail.com",
							"disabled": true
						},
						{
							"key": "adp_associate_id",
							"value": "232323",
							"disabled": true
						},
						{
							"key": "department_id",
							"value": "0",
							"disabled": true
						},
						{
							"key": "department_name",
							"value": "",
							"disabled": true
						},
						{
							"key": "country_name",
							"value": "India",
							"disabled": true
						},
						{
							"key": "employee_id",
							"value": "TS0161",
							"disabled": true
						},
						{
							"key": "ecdb_user_id",
							"value": "2575",
							"disabled": true
						},
						{
							"key": "prospective_user_id",
							"value": "",
							"disabled": true
						},
						{
							"key": "qb_employee_name",
							"value": "",
							"disabled": true
						},
						{
							"key": "qb_employee_id",
							"value": "",
							"disabled": true
						},
						{
							"key": "user_status",
							"value": "ACTIVE",
							"disabled": true
						},
						{
							"key": "work_country",
							"value": "India",
							"disabled": true
						},
						{
							"key": "record_type_status",
							"value": "Active",
							"disabled": true
						},
						{
							"key": "joining_date",
							"value": "2022-11-01",
							"disabled": true
						}
					]
				}
			},
			"response": []
		},
		{
			"name": "Get Projects Report",
			"protocolProfileBehavior": {
				"disableBodyPruning": true
			},
			"request": {
				"auth": {
					"type": "bearer",
					"bearer": {
						"token": "{{token}}"
					}
				},
				"method": "GET",
				"header": [
					{
						"key": "Content-Type",
						"value": "application/json",
						"type": "text"
					}
				],
				"body": {
					"mode": "raw",
					"raw": "",
					"options": {
						"raw": {
							"language": "json"
						}
					}
				},
				"url": {
					"raw": "{{baseurl}}/api/v1/reports/get_projects_report?start_date=2023-03-01&end_date=2023-03-01",
					"host": [
						"{{baseurl}}"
					],
					"path": [
						"api",
						"v1",
						"reports",
						"get_projects_report"
					],
					"query": [
						{
							"key": "keyword",
							"value": "google",
							"disabled": true
						},
						{
							"key": "user_id",
							"value": "22",
							"disabled": true
						},
						{
							"key": "project_name",
							"value": "Vaishnavi ECDB bolisetty-Google",
							"disabled": true
						},
						{
							"key": "project_status",
							"value": "IN_PROGRESS",
							"disabled": true
						},
						{
							"key": "start_date",
							"value": "2023-03-01"
						},
						{
							"key": "end_date",
							"value": "2023-03-01"
						},
						{
							"key": "client_manager_name",
							"value": "testclient",
							"disabled": true
						},
						{
							"key": "client_manager_email",
							"value": "testclient@yopmail.com",
							"disabled": true
						},
						{
							"key": "job_title",
							"value": "",
							"disabled": true
						},
						{
							"key": "is_placement_project",
							"value": "true",
							"disabled": true
						},
						{
							"key": "placement_type",
							"value": "",
							"disabled": true
						},
						{
							"key": "placement_project_id",
							"value": "123",
							"disabled": true
						},
						{
							"key": "placement_code",
							"value": "TS00111",
							"disabled": true
						},
						{
							"key": "is_primary_project",
							"value": "false",
							"disabled": true
						},
						{
							"key": "direct_customer_engagement",
							"value": "false",
							"disabled": true
						},
						{
							"key": "end_customer_id",
							"value": "1",
							"disabled": true
						},
						{
							"key": "qb_customer_name",
							"value": "",
							"disabled": true
						},
						{
							"key": "qb_customer_id",
							"value": "",
							"disabled": true
						},
						{
							"key": "qb_project_name",
							"value": "",
							"disabled": true
						},
						{
							"key": "qb_project_id",
							"value": "",
							"disabled": true
						},
						{
							"key": "qb_product_id",
							"value": "",
							"disabled": true
						},
						{
							"key": "qb_product_name",
							"value": "",
							"disabled": true
						},
						{
							"key": "work_country\n",
							"value": "",
							"disabled": true
						},
						{
							"key": "reason",
							"value": "",
							"disabled": true
						},
						{
							"key": "reason_id",
							"value": "",
							"disabled": true
						},
						{
							"key": "qb_status",
							"value": "",
							"disabled": true
						},
						{
							"key": "record_type_status",
							"value": "Active",
							"disabled": true
						},
						{
							"key": "pagenumber",
							"value": "1",
							"disabled": true
						},
						{
							"key": "pagesize",
							"value": "25",
							"disabled": true
						},
						{
							"key": "start_date",
							"value": "2023-03-01",
							"disabled": true
						},
						{
							"key": "full_name",
							"value": "harish reddy",
							"disabled": true
						},
						{
							"key": "client_name",
							"value": "google",
							"disabled": true
						}
					]
				}
			},
			"response": []
		},
		{
			"name": "Export Projects Report",
			"protocolProfileBehavior": {
				"disableBodyPruning": true
			},
			"request": {
				"auth": {
					"type": "bearer",
					"bearer": {
						"token": "{{token}}"
					}
				},
				"method": "GET",
				"header": [
					{
						"key": "Content-Type",
						"value": "application/json",
						"type": "text"
					}
				],
				"body": {
					"mode": "raw",
					"raw": "",
					"options": {
						"raw": {
							"language": "json"
						}
					}
				},
				"url": {
					"raw": "{{baseurl}}/api/v1/reports/Export_projects_report?project_status=IN_PROGRESS&start_date=2023-03-01",
					"host": [
						"{{baseurl}}"
					],
					"path": [
						"api",
						"v1",
						"reports",
						"Export_projects_report"
					],
					"query": [
						{
							"key": "keyword",
							"value": "in_progress",
							"disabled": true
						},
						{
							"key": "user_id",
							"value": "22",
							"disabled": true
						},
						{
							"key": "project_name",
							"value": "Vaishnavi ECDB bolisetty-Google",
							"disabled": true
						},
						{
							"key": "project_status",
							"value": "IN_PROGRESS"
						},
						{
							"key": "start_date",
							"value": "2023-03-01"
						},
						{
							"key": "end_date",
							"value": "",
							"disabled": true
						},
						{
							"key": "client_manager_name",
							"value": "testclient",
							"disabled": true
						},
						{
							"key": "client_manager_email",
							"value": "testclient@yopmail.com",
							"disabled": true
						},
						{
							"key": "job_title",
							"value": "",
							"disabled": true
						},
						{
							"key": "is_placement_project",
							"value": "true",
							"disabled": true
						},
						{
							"key": "placement_type",
							"value": "",
							"disabled": true
						},
						{
							"key": "placement_project_id",
							"value": "123",
							"disabled": true
						},
						{
							"key": "placement_code",
							"value": "TS00111",
							"disabled": true
						},
						{
							"key": "bill_rate_currency",
							"value": "INR",
							"disabled": true
						},
						{
							"key": "is_primary_project",
							"value": "false",
							"disabled": true
						},
						{
							"key": "direct_customer_engagement",
							"value": "false",
							"disabled": true
						},
						{
							"key": "end_customer_id",
							"value": "1",
							"disabled": true
						},
						{
							"key": "qb_customer_name",
							"value": "",
							"disabled": true
						},
						{
							"key": "qb_customer_id",
							"value": "",
							"disabled": true
						},
						{
							"key": "qb_project_name",
							"value": "",
							"disabled": true
						},
						{
							"key": "qb_project_id",
							"value": "",
							"disabled": true
						},
						{
							"key": "qb_product_id",
							"value": "",
							"disabled": true
						},
						{
							"key": "qb_product_name",
							"value": "",
							"disabled": true
						},
						{
							"key": "work_country\n",
							"value": "",
							"disabled": true
						},
						{
							"key": "reason",
							"value": "",
							"disabled": true
						},
						{
							"key": "reason_id",
							"value": "",
							"disabled": true
						},
						{
							"key": "qb_status",
							"value": "",
							"disabled": true
						},
						{
							"key": "record_type_status",
							"value": "Active",
							"disabled": true
						},
						{
							"key": "ot_bill_rate_currency",
							"value": "",
							"disabled": true
						},
						{
							"key": "full_name",
							"value": "harish reddy",
							"disabled": true
						}
					]
				}
			},
			"response": []
		},
		{
			"name": "Project Timesheet Submission Report",
			"protocolProfileBehavior": {
				"disableBodyPruning": true
			},
			"request": {
				"auth": {
					"type": "bearer",
					"bearer": {
						"token": "{{token}}"
					}
				},
				"method": "GET",
				"header": [
					{
						"key": "Content-Type",
						"value": "application/json",
						"type": "text"
					}
				],
				"body": {
					"mode": "raw",
					"raw": "",
					"options": {
						"raw": {
							"language": "json"
						}
					}
				},
				"url": {
					"raw": "{{baseurl}}/api/v1/reports/project_timesheet_submission_report?keyword=in_progress&start_date=2023-07-17&end_date=2023-07-23",
					"host": [
						"{{baseurl}}"
					],
					"path": [
						"api",
						"v1",
						"reports",
						"project_timesheet_submission_report"
					],
					"query": [
						{
							"key": "keyword",
							"value": "in_progress"
						},
						{
							"key": "project_id",
							"value": "13",
							"disabled": true
						},
						{
							"key": "project_status",
							"value": "PLACEMENT_ENDED",
							"disabled": true
						},
						{
							"key": "placement_type",
							"value": "W2",
							"disabled": true
						},
						{
							"key": "start_date",
							"value": "2023-07-17"
						},
						{
							"key": "end_date",
							"value": "2023-07-23"
						}
					]
				}
			},
			"response": []
		},
		{
			"name": "Export Project Timesheet Submission Report",
			"protocolProfileBehavior": {
				"disableBodyPruning": true
			},
			"request": {
				"auth": {
					"type": "bearer",
					"bearer": {
						"token": "{{token}}"
					}
				},
				"method": "GET",
				"header": [
					{
						"key": "Content-Type",
						"value": "application/json",
						"type": "text"
					}
				],
				"body": {
					"mode": "raw",
					"raw": "",
					"options": {
						"raw": {
							"language": "json"
						}
					}
				},
				"url": {
					"raw": "{{baseurl}}/api/v1/reports/export_project_timesheet_submission_report?keyword=bench&start_date=2023-07-17&end_date=2023-07-23",
					"host": [
						"{{baseurl}}"
					],
					"path": [
						"api",
						"v1",
						"reports",
						"export_project_timesheet_submission_report"
					],
					"query": [
						{
							"key": "keyword",
							"value": "bench"
						},
						{
							"key": "project_id",
							"value": "40",
							"disabled": true
						},
						{
							"key": "project_status",
							"value": "PLACEMENT_ENDED",
							"disabled": true
						},
						{
							"key": "start_date",
							"value": "2023-07-17"
						},
						{
							"key": "end_date",
							"value": "2023-07-23"
						}
					]
				}
			},
			"response": []
		},
		{
			"name": "Get QB Logs Report",
			"protocolProfileBehavior": {
				"disableBodyPruning": true
			},
			"request": {
				"auth": {
					"type": "bearer",
					"bearer": {
						"token": "{{token}}"
					}
				},
				"method": "GET",
				"header": [
					{
						"key": "Content-Type",
						"value": "application/json",
						"type": "text"
					}
				],
				"body": {
					"mode": "raw",
					"raw": "",
					"options": {
						"raw": {
							"language": "json"
						}
					}
				},
				"url": {
					"raw": "{{baseurl}}/api/v1/reports/get_qb_logs_report?keyword=failed&pagenumber=1&pagesize=25&api_name=findCustomers&start_date=2023-06-01&end_date=2023-07-30",
					"host": [
						"{{baseurl}}"
					],
					"path": [
						"api",
						"v1",
						"reports",
						"get_qb_logs_report"
					],
					"query": [
						{
							"key": "keyword",
							"value": "failed"
						},
						{
							"key": "pagenumber",
							"value": "1"
						},
						{
							"key": "pagesize",
							"value": "25"
						},
						{
							"key": "api_name",
							"value": "findCustomers"
						},
						{
							"key": "record_type_status",
							"value": "Active",
							"disabled": true
						},
						{
							"key": "start_date",
							"value": "2023-06-01"
						},
						{
							"key": "end_date",
							"value": "2023-07-30"
						}
					]
				}
			},
			"response": []
		},
		{
			"name": "Export QB Logs Report",
			"protocolProfileBehavior": {
				"disableBodyPruning": true
			},
			"request": {
				"auth": {
					"type": "bearer",
					"bearer": {
						"token": "{{token}}"
					}
				},
				"method": "GET",
				"header": [
					{
						"key": "Content-Type",
						"value": "application/json",
						"type": "text"
					}
				],
				"body": {
					"mode": "raw",
					"raw": "",
					"options": {
						"raw": {
							"language": "json"
						}
					}
				},
				"url": {
					"raw": "{{baseurl}}/api/v1/reports/export_qb_logs_report?keyword=failed&start_date=2023-08-01&end_date=2023-09-28",
					"host": [
						"{{baseurl}}"
					],
					"path": [
						"api",
						"v1",
						"reports",
						"export_qb_logs_report"
					],
					"query": [
						{
							"key": "keyword",
							"value": "failed"
						},
						{
							"key": "api_name",
							"value": "findCustomers",
							"disabled": true
						},
						{
							"key": "record_type_status",
							"value": "Active",
							"disabled": true
						},
						{
							"key": "start_date",
							"value": "2023-08-01"
						},
						{
							"key": "end_date",
							"value": "2023-09-28"
						},
						{
							"key": "request_status",
							"value": "failed",
							"disabled": true
						}
					]
				}
			},
			"response": []
		},
		{
			"name": "Get User Logs Report",
			"protocolProfileBehavior": {
				"disableBodyPruning": true
			},
			"request": {
				"auth": {
					"type": "bearer",
					"bearer": {
						"token": "{{token}}"
					}
				},
				"method": "GET",
				"header": [
					{
						"key": "Content-Type",
						"value": "application/json",
						"type": "text"
					}
				],
				"body": {
					"mode": "raw",
					"raw": "",
					"options": {
						"raw": {
							"language": "json"
						}
					}
				},
				"url": {
					"raw": "{{baseurl}}/api/v1/reports/get_user_logs_report?start_date=2023-05-19&end_date=2023-05-22",
					"host": [
						"{{baseurl}}"
					],
					"path": [
						"api",
						"v1",
						"reports",
						"get_user_logs_report"
					],
					"query": [
						{
							"key": "pagenumber",
							"value": "1",
							"disabled": true
						},
						{
							"key": "pagesize",
							"value": "25",
							"disabled": true
						},
						{
							"key": "record_type_status",
							"value": "Active",
							"disabled": true
						},
						{
							"key": "keyword",
							"value": "testemployee",
							"disabled": true
						},
						{
							"key": "user_id",
							"value": "207",
							"disabled": true
						},
						{
							"key": "start_date",
							"value": "2023-05-19"
						},
						{
							"key": "end_date",
							"value": "2023-05-22"
						},
						{
							"key": "browser_details",
							"value": "{\"mobile\":false}",
							"disabled": true
						},
						{
							"key": "ip_address",
							"value": "::1",
							"disabled": true
						}
					]
				}
			},
			"response": []
		},
		{
			"name": "Export User Lgs Report",
			"request": {
				"auth": {
					"type": "bearer",
					"bearer": {
						"token": "{{token}}"
					}
				},
				"method": "GET",
				"header": [
					{
						"key": "Content-Type",
						"value": "application/json",
						"type": "text"
					}
				],
				"url": {
					"raw": "{{baseurl}}/api/v1/reports/export_user_logs_report?start_date=2023-08-01&end_date=2023-08-30",
					"host": [
						"{{baseurl}}"
					],
					"path": [
						"api",
						"v1",
						"reports",
						"export_user_logs_report"
					],
					"query": [
						{
							"key": "record_type_status",
							"value": "Active",
							"disabled": true
						},
						{
							"key": "keyword",
							"value": "testemployee",
							"disabled": true
						},
						{
							"key": "user_id",
							"value": "207",
							"disabled": true
						},
						{
							"key": "start_date",
							"value": "2023-08-01"
						},
						{
							"key": "browser_details",
							"value": "{\"mobile\":false}",
							"disabled": true
						},
						{
							"key": "ip_address",
							"value": "::1",
							"disabled": true
						},
						{
							"key": "end_date",
							"value": "2023-08-30"
						}
					]
				}
			},
			"response": []
		},
		{
			"name": "Get Employees Status Report",
			"request": {
				"auth": {
					"type": "bearer",
					"bearer": {
						"token": "{{token}}"
					}
				},
				"method": "GET",
				"header": [
					{
						"key": "Content-Type",
						"value": "application/json",
						"type": "text"
					}
				],
				"url": {
					"raw": "{{baseurl}}/api/v1/reports/get_employees_status_report?start_date=2023-04-01&end_date=2023-08-10",
					"host": [
						"{{baseurl}}"
					],
					"path": [
						"api",
						"v1",
						"reports",
						"get_employees_status_report"
					],
					"query": [
						{
							"key": "record_type_status",
							"value": "Active",
							"disabled": true
						},
						{
							"key": "keyword",
							"value": "C2C",
							"disabled": true
						},
						{
							"key": "start_date",
							"value": "2023-04-01"
						},
						{
							"key": "end_date",
							"value": "2023-08-10"
						},
						{
							"key": "employee_type",
							"value": "W2",
							"disabled": true
						},
						{
							"key": "pagenumber",
							"value": "1",
							"disabled": true
						},
						{
							"key": "pagesize",
							"value": "25",
							"disabled": true
						}
					]
				}
			},
			"response": []
		},
		{
			"name": "Export Employees Status Report",
			"request": {
				"auth": {
					"type": "bearer",
					"bearer": {
						"token": "{{token}}"
					}
				},
				"method": "GET",
				"header": [
					{
						"key": "Content-Type",
						"value": "application/json",
						"type": "text"
					}
				],
				"url": {
					"raw": "{{baseurl}}/api/v1/reports/export_employees_status_report?start_date=2023-06-01&end_date=2023-06-10",
					"host": [
						"{{baseurl}}"
					],
					"path": [
						"api",
						"v1",
						"reports",
						"export_employees_status_report"
					],
					"query": [
						{
							"key": "record_type_status",
							"value": "Active",
							"disabled": true
						},
						{
							"key": "keyword",
							"value": "testemployee",
							"disabled": true
						},
						{
							"key": "start_date",
							"value": "2023-06-01"
						},
						{
							"key": "end_date",
							"value": "2023-06-10"
						},
						{
							"key": "employee_type",
							"value": "W2",
							"disabled": true
						}
					]
				}
			},
			"response": []
		}
	]
}