{
	"info": {
		"_postman_id": "949fbd4c-0a71-4661-8b14-7dbebff3a98b",
		"name": "Roles",
		"schema": "https://schema.getpostman.com/json/collection/v2.0.0/collection.json",
		"_exporter_id": "23389875",
		"_collection_link": "https://msr-cosmos.postman.co/workspace/Timesheet~24d1fdf5-23b1-4123-8405-c20ac5a1bdef/collection/25371995-949fbd4c-0a71-4661-8b14-7dbebff3a98b?action=share&source=collection_link&creator=23389875"
	},
	"item": [
		{
			"name": "get_all_roles",
			"request": {
				"auth": {
					"type": "bearer",
					"bearer": {
						"token": "{{token}}"
					}
				},
				"method": "GET",
				"header": [],
				"url": "{{baseurl}}/api/v1/roles/get_all_roles"
			},
			"response": []
		},
		{
			"name": "get_role_by_id",
			"request": {
				"auth": {
					"type": "bearer",
					"bearer": {
						"token": "{{token}}"
					}
				},
				"method": "GET",
				"header": [],
				"url": {
					"raw": "{{baseurl}}/api/v1/roles/get_role_by_id?id=1",
					"host": [
						"{{baseurl}}"
					],
					"path": [
						"api",
						"v1",
						"roles",
						"get_role_by_id"
					],
					"query": [
						{
							"key": "id",
							"value": "1"
						}
					]
				}
			},
			"response": []
		},
		{
			"name": "get_role_by_name",
			"request": {
				"auth": {
					"type": "bearer",
					"bearer": {
						"token": "{{token}}"
					}
				},
				"method": "GET",
				"header": [],
				"url": {
					"raw": "{{baseurl}}/api/v1/roles/get_role_by_name?name=admin",
					"host": [
						"{{baseurl}}"
					],
					"path": [
						"api",
						"v1",
						"roles",
						"get_role_by_name"
					],
					"query": [
						{
							"key": "name",
							"value": "admin"
						}
					]
				}
			},
			"response": []
		}
	]
}