{
	"info": {
		"_postman_id": "4c050409-80e5-4a49-8432-f1441cd3a817",
		"name": "services",
		"schema": "https://schema.getpostman.com/json/collection/v2.0.0/collection.json",
		"_exporter_id": "23389875",
		"_collection_link": "https://msr-cosmos.postman.co/workspace/Timesheet~24d1fdf5-23b1-4123-8405-c20ac5a1bdef/collection/16844087-4c050409-80e5-4a49-8432-f1441cd3a817?action=share&source=collection_link&creator=23389875"
	},
	"item": [
		{
			"name": "getallservices",
			"request": {
				"auth": {
					"type": "bearer",
					"bearer": {
						"token": "{{token}}"
					}
				},
				"method": "GET",
				"header": [],
				"url": {
					"raw": "{{baseurl}}/api/v1/services/getallservices?pagenumber=1&pagesize=5",
					"host": [
						"{{baseurl}}"
					],
					"path": [
						"api",
						"v1",
						"services",
						"getallservices"
					],
					"query": [
						{
							"key": "pagenumber",
							"value": "1"
						},
						{
							"key": "pagesize",
							"value": "5"
						}
					]
				}
			},
			"response": []
		},
		{
			"name": "insert service",
			"request": {
				"auth": {
					"type": "bearer",
					"bearer": {
						"token": "{{token}}"
					}
				},
				"method": "POST",
				"header": [],
				"body": {
					"mode": "raw",
					"raw": "{\r\n    \"service_name\": \"msr-timesheet\",\r\n    \"project_name\": \"timesheet\",\r\n    \"project_id\": 1,\r\n    \"service_id\": 1,\r\n    \"status\": \"Active\",\r\n    \"org_id\": 252,\r\n    \"qb_id\": 1,\r\n    \"qb_service_name\": 1,\r\n    \"status_code\": 1,\r\n    \"createdby\": \"Admin\",\r\n    \"terminate_reason\": \"Project Ended\",\r\n    \"terminate_reason_id\": 1,\r\n    \"terminate_date\": \"2022-10-10T10:43:24.98299\",\r\n    \"terminate_person_name\": \"Siva\",\r\n    \"modified_person_name\": \"Super Admin\",\r\n    \"record_type_status\": \"Active\"\r\n}",
					"options": {
						"raw": {
							"language": "json"
						}
					}
				},
				"url": "{{baseurl}}/api/v1/services/insertservice"
			},
			"response": []
		},
		{
			"name": "editservice",
			"request": {
				"auth": {
					"type": "bearer",
					"bearer": {
						"token": "{{token}}"
					}
				},
				"method": "PUT",
				"header": [],
				"body": {
					"mode": "raw",
					"raw": "{\r\n    \"id\": 2,\r\n    \"service_name\": \"msr-timesheet\",\r\n    \"project_name\": \"timesheet\",\r\n    \"project_id\": 1,\r\n    \"service_id\": 1,\r\n    \"status\": \"Active\",\r\n    \"org_id\": 252,\r\n    \"qb_id\": 1,\r\n    \"qb_service_name\": 1,\r\n    \"status_code\": 1,\r\n    \"terminate_reason\": \"Project Ended\",\r\n    \"terminate_reason_id\": 1,\r\n    \"terminate_date\": \"2022-10-10T10:43:24.98299\",\r\n    \"terminate_person_name\": \"Siva\",\r\n    \"modified_person_name\": \"Admin\",\r\n    \"record_type_status\": \"Active\",\r\n    \"updatedby\": \"Admin\"\r\n}",
					"options": {
						"raw": {
							"language": "json"
						}
					}
				},
				"url": "{{baseurl}}/api/v1/services/editservice"
			},
			"response": []
		},
		{
			"name": "deleteservice",
			"request": {
				"auth": {
					"type": "bearer",
					"bearer": {
						"token": "{{token}}"
					}
				},
				"method": "PUT",
				"header": [],
				"body": {
					"mode": "raw",
					"raw": "{\r\n    \"id\":2\r\n}",
					"options": {
						"raw": {
							"language": "json"
						}
					}
				},
				"url": "{{baseurl}}/api/v1/services/deleteservice"
			},
			"response": []
		},
		{
			"name": "getservicebyid",
			"request": {
				"auth": {
					"type": "bearer",
					"bearer": {
						"token": "{{token}}"
					}
				},
				"method": "GET",
				"header": [],
				"url": {
					"raw": "{{baseurl}}/api/v1/services/getservicebyid?id=3",
					"host": [
						"{{baseurl}}"
					],
					"path": [
						"api",
						"v1",
						"services",
						"getservicebyid"
					],
					"query": [
						{
							"key": "id",
							"value": "3"
						}
					]
				}
			},
			"response": []
		}
	]
}