{
	"info": {
		"_postman_id": "fb2ddea1-b17b-4b46-8a04-19fdd05cc236",
		"name": "synclogs",
		"schema": "https://schema.getpostman.com/json/collection/v2.0.0/collection.json",
		"_exporter_id": "23389875",
		"_collection_link": "https://msr-cosmos.postman.co/workspace/Timesheet~24d1fdf5-23b1-4123-8405-c20ac5a1bdef/collection/23389875-fb2ddea1-b17b-4b46-8a04-19fdd05cc236?action=share&source=collection_link&creator=23389875"
	},
	"item": [
		{
			"name": "get_last_sync_logs_by_sync_type",
			"request": {
				"auth": {
					"type": "bearer",
					"bearer": {
						"token": "{{token}}"
					}
				},
				"method": "GET",
				"header": [],
				"url": {
					"raw": "{{baseurl}}/api/v1/synclogs/get_sync_logs_by_sync_type?sync_type=organizations",
					"host": [
						"{{baseurl}}"
					],
					"path": [
						"api",
						"v1",
						"synclogs",
						"get_sync_logs_by_sync_type"
					],
					"query": [
						{
							"key": "sync_type",
							"value": "organizations"
						}
					]
				}
			},
			"response": []
		}
	]
}