{
	"info": {
		"_postman_id": "3274a55f-a3d4-4234-b5f9-3c075c1f38a3",
		"name": "Timesheet Documents",
		"schema": "https://schema.getpostman.com/json/collection/v2.0.0/collection.json",
		"_exporter_id": "23389875",
		"_collection_link": "https://msr-cosmos.postman.co/workspace/Timesheet~24d1fdf5-23b1-4123-8405-c20ac5a1bdef/collection/23389875-3274a55f-a3d4-4234-b5f9-3c075c1f38a3?action=share&source=collection_link&creator=23389875"
	},
	"item": [
		{
			"name": "insertdocs",
			"request": {
				"auth": {
					"type": "bearer",
					"bearer": {
						"token": "{{token}}"
					}
				},
				"method": "POST",
				"header": [],
				"body": {
					"mode": "formdata",
					"formdata": [
						{
							"key": "user_id",
							"value": "2362",
							"type": "text"
						},
						{
							"key": "project_id",
							"value": "3023",
							"type": "text"
						},
						{
							"key": "week_start_date",
							"value": "2023-01-02",
							"type": "text"
						},
						{
							"key": "week_end_date",
							"value": "2023-01-08",
							"type": "text"
						},
						{
							"key": "file",
							"type": "file",
							"src": "/C:/Users/Msr/Pictures/Nature(4).jpg"
						}
					]
				},
				"url": "{{baseurl}}/api/v1/timesheet_documents/inserttimedoc"
			},
			"response": []
		},
		{
			"name": "getalltimedoc",
			"request": {
				"auth": {
					"type": "bearer",
					"bearer": {
						"token": "{{token}}"
					}
				},
				"method": "GET",
				"header": [],
				"url": "{{baseurl}}/api/v1/timesheet_documents/getalltimedoc"
			},
			"response": []
		},
		{
			"name": "gettimedocbyid",
			"request": {
				"auth": {
					"type": "bearer",
					"bearer": {
						"token": "{{token}}"
					}
				},
				"method": "GET",
				"header": [],
				"url": {
					"raw": "{{baseurl}}/api/v1/timesheet_documents/gettimedocbyid?id=1",
					"host": [
						"{{baseurl}}"
					],
					"path": [
						"api",
						"v1",
						"timesheet_documents",
						"gettimedocbyid"
					],
					"query": [
						{
							"key": "id",
							"value": "1"
						}
					]
				}
			},
			"response": []
		},
		{
			"name": "get_timesheet_docs_by_week_and_project",
			"request": {
				"auth": {
					"type": "bearer",
					"bearer": {
						"token": "{{token}}"
					}
				},
				"method": "GET",
				"header": [],
				"url": {
					"raw": "{{baseurl}}/api/v1/timesheet_documents/get_timesheet_docs_by_week_and_project?week_start_date=2023-03-20&week_end_date=2023-03-26&project_id=13",
					"host": [
						"{{baseurl}}"
					],
					"path": [
						"api",
						"v1",
						"timesheet_documents",
						"get_timesheet_docs_by_week_and_project"
					],
					"query": [
						{
							"key": "week_start_date",
							"value": "2023-03-20"
						},
						{
							"key": "week_end_date",
							"value": "2023-03-26"
						},
						{
							"key": "project_id",
							"value": "13"
						}
					]
				}
			},
			"response": []
		},
		{
			"name": "Get Timesheet Document By Week",
			"request": {
				"auth": {
					"type": "bearer",
					"bearer": {
						"token": "{{token}}"
					}
				},
				"method": "GET",
				"header": [],
				"url": {
					"raw": "{{baseurl}}/api/v1/timesheet_documents/get_timesheet_documents_by_week?week_start_date=2023-01-02&week_end_date=2023-01-08",
					"host": [
						"{{baseurl}}"
					],
					"path": [
						"api",
						"v1",
						"timesheet_documents",
						"get_timesheet_documents_by_week"
					],
					"query": [
						{
							"key": "week_start_date",
							"value": "2023-01-02"
						},
						{
							"key": "week_end_date",
							"value": "2023-01-08"
						}
					]
				}
			},
			"response": []
		},
		{
			"name": "delete_timesheet_document",
			"request": {
				"auth": {
					"type": "bearer",
					"bearer": {
						"token": "{{token}}"
					}
				},
				"method": "PUT",
				"header": [],
				"body": {
					"mode": "formdata",
					"formdata": [
						{
							"key": "id",
							"value": "1837",
							"type": "text"
						}
					]
				},
				"url": "{{baseurl}}/api/v1/timesheet_documents/delete_timesheet_document"
			},
			"response": []
		}
	]
}