{
	"info": {
		"_postman_id": "7e33440a-df18-437c-aef9-b34b7966d7b8",
		"name": "Timesheet New",
		"schema": "https://schema.getpostman.com/json/collection/v2.0.0/collection.json",
		"_exporter_id": "23389875",
		"_collection_link": "https://msr-cosmos.postman.co/workspace/Timesheet~24d1fdf5-23b1-4123-8405-c20ac5a1bdef/collection/25371995-7e33440a-df18-437c-aef9-b34b7966d7b8?action=share&source=collection_link&creator=23389875"
	},
	"item": [
		{
			"name": "Save Project Wise Timesheet",
			"request": {
				"auth": {
					"type": "bearer",
					"bearer": {
						"token": "{{token}}"
					}
				},
				"method": "POST",
				"header": [
					{
						"key": "Content-Type",
						"value": "application/json",
						"type": "text"
					}
				],
				"body": {
					"mode": "raw",
					"raw": "{\r\n\"user_id\": 207,\r\n\"project_id\": 44,\r\n\"year\":2023,\r\n\"month\":\"3\",\r\n\"week_start_date\": \"2023-03-06\",\r\n\"week_end_date\":  \"2023-03-12\",\r\n\"user_notes\": \"test comment\",\r\n\"approver_id\": 1,\r\n\"approver_notes\": \"approver comment\",\r\n\"client_manager_email\": \"test@yopmail.com\",\r\n\"client_manager_name\": \"test client\",\r\n\"timesheet_data\": [\r\n    { \r\n        \"timesheet_date\": \"2023-03-06\",\r\n        \"regular_hours\": 7,\r\n        \"regular_minutes\":20,\r\n        \"ot_hours_hours\": 7,\r\n        \"ot_minutes\":20,\r\n        \"absent_type\": null,\r\n        \"absent_hours\":null,\r\n        \"absent_minutes\":null,\r\n        \"status\":\"SAVED\",\r\n        \"qb_timesheet_id\":null,\r\n        \"qb_status\":null\r\n    },\r\n\t{ \r\n        \"timesheet_date\": \"2023-03-07\",\r\n        \"regular_hours\": 7,\r\n        \"regular_minutes\":20,\r\n        \"ot_hours_hours\": 7,\r\n        \"ot_minutes\":20,\r\n        \"absent_type\": null,\r\n        \"absent_hours\":null,\r\n        \"absent_minutes\":null,\r\n        \"status\":\"SAVED\",\r\n        \"qb_timesheet_id\":null,\r\n        \"qb_status\":null\r\n    },\r\n\t{ \r\n        \"timesheet_date\": \"2023-03-08\",\r\n        \"regular_hours\": 7,\r\n        \"regular_minutes\":20,\r\n        \"ot_hours_hours\": 7,\r\n        \"ot_minutes\":20,\r\n        \"absent_type\": null,\r\n        \"absent_hours\":null,\r\n        \"absent_minutes\":null,\r\n        \"status\":\"SAVED\",\r\n        \"qb_timesheet_id\":null,\r\n        \"qb_status\":null\r\n    },\r\n\t{ \r\n        \"timesheet_date\": \"2023-03-09\",\r\n        \"regular_hours\": 7,\r\n        \"regular_minutes\":20,\r\n        \"ot_hours_hours\": 7,\r\n        \"ot_minutes\":20,\r\n        \"absent_type\": null,\r\n        \"absent_hours\":null,\r\n        \"absent_minutes\":null,\r\n        \"status\":\"SAVED\",\r\n        \"qb_timesheet_id\":null,\r\n        \"qb_status\":null\r\n    },\r\n\t{ \r\n        \"timesheet_date\": \"2023-03-10\",\r\n        \"regular_hours\": 7,\r\n        \"regular_minutes\":20,\r\n        \"ot_hours_hours\": 7,\r\n        \"ot_minutes\":20,\r\n        \"absent_type\": null,\r\n        \"absent_hours\":null,\r\n        \"absent_minutes\":null,\r\n        \"status\":\"SAVED\",\r\n        \"qb_timesheet_id\":null,\r\n        \"qb_status\":null\r\n    },\r\n\t{ \r\n        \"timesheet_date\": \"2023-03-11\",\r\n        \"regular_hours\": 7,\r\n        \"regular_minutes\":20,\r\n        \"ot_hours_hours\": 7,\r\n        \"ot_minutes\":20,\r\n        \"absent_type\": null,\r\n        \"absent_hours\":null,\r\n        \"absent_minutes\":null,\r\n        \"status\":\"SAVED\",\r\n        \"qb_timesheet_id\":null,\r\n        \"qb_status\":null\r\n    },\r\n\t{ \r\n        \"timesheet_date\": \"2023-03-12\",\r\n        \"regular_hours\": 7,\r\n        \"regular_minutes\":20,\r\n        \"ot_hours_hours\": 7,\r\n        \"ot_minutes\":20,\r\n        \"absent_type\": null,\r\n        \"absent_hours\":null,\r\n        \"absent_minutes\":null,\r\n        \"status\":\"SAVED\",\r\n        \"qb_timesheet_id\":null,\r\n        \"qb_status\":null\r\n    }\r\n]\r\n}",
					"options": {
						"raw": {
							"language": "json"
						}
					}
				},
				"url": "{{baseurl}}/api/v1/timesheets/save_project_wise_timesheet"
			},
			"response": []
		},
		{
			"name": "Get Single Week Timesheet",
			"protocolProfileBehavior": {
				"disableBodyPruning": true
			},
			"request": {
				"auth": {
					"type": "bearer",
					"bearer": {
						"token": "{{token}}"
					}
				},
				"method": "GET",
				"header": [
					{
						"key": "Content-Type",
						"value": "application/json",
						"type": "text"
					}
				],
				"body": {
					"mode": "raw",
					"raw": "",
					"options": {
						"raw": {
							"language": "json"
						}
					}
				},
				"url": {
					"raw": "{{baseurl}}/api/v1/timesheets/get_single_week_timesheet?user_id=207&week_start_date=2023-03-06&week_end_date=2023-03-12",
					"host": [
						"{{baseurl}}"
					],
					"path": [
						"api",
						"v1",
						"timesheets",
						"get_single_week_timesheet"
					],
					"query": [
						{
							"key": "user_id",
							"value": "207"
						},
						{
							"key": "week_start_date",
							"value": "2023-03-06"
						},
						{
							"key": "week_end_date",
							"value": "2023-03-12"
						}
					]
				}
			},
			"response": []
		},
		{
			"name": "Get Timesheet History",
			"request": {
				"auth": {
					"type": "bearer",
					"bearer": {
						"token": "{{token}}"
					}
				},
				"method": "GET",
				"header": [],
				"url": {
					"raw": "{{baseurl}}/api/v1/timesheets/get_timesheet_history?project_id=132&week_start_date=2023-03-27&week_end_date=2023-04-02",
					"host": [
						"{{baseurl}}"
					],
					"path": [
						"api",
						"v1",
						"timesheets",
						"get_timesheet_history"
					],
					"query": [
						{
							"key": "project_id",
							"value": "132"
						},
						{
							"key": "week_start_date",
							"value": "2023-03-27"
						},
						{
							"key": "week_end_date",
							"value": "2023-04-02"
						}
					]
				}
			},
			"response": []
		},
		{
			"name": "Get Day and Dates by week",
			"request": {
				"auth": {
					"type": "bearer",
					"bearer": {
						"token": "{{token}}"
					}
				},
				"method": "GET",
				"header": [],
				"url": {
					"raw": "{{baseurl}}/api/v1/timesheets/get_day_and_dates_by_week?week_start_date=2023-03-06&week_end_date=2023-03-12",
					"host": [
						"{{baseurl}}"
					],
					"path": [
						"api",
						"v1",
						"timesheets",
						"get_day_and_dates_by_week"
					],
					"query": [
						{
							"key": "week_start_date",
							"value": "2023-03-06"
						},
						{
							"key": "week_end_date",
							"value": "2023-03-12"
						}
					]
				}
			},
			"response": []
		},
		{
			"name": "Per Day Timesheet History",
			"request": {
				"auth": {
					"type": "bearer",
					"bearer": {
						"token": "{{token}}"
					}
				},
				"method": "GET",
				"header": [],
				"url": {
					"raw": "{{baseurl}}/api/v1/timesheets/get_per_day_timesheet_history?project_id=132&week_start_date=2023-03-27&week_end_date=2023-04-02&timesheet_date=2023-03-28",
					"host": [
						"{{baseurl}}"
					],
					"path": [
						"api",
						"v1",
						"timesheets",
						"get_per_day_timesheet_history"
					],
					"query": [
						{
							"key": "project_id",
							"value": "132"
						},
						{
							"key": "week_start_date",
							"value": "2023-03-27"
						},
						{
							"key": "week_end_date",
							"value": "2023-04-02"
						},
						{
							"key": "timesheet_date",
							"value": "2023-03-28"
						}
					]
				}
			},
			"response": []
		},
		{
			"name": "Timesheet - Get All Timesheet By User",
			"protocolProfileBehavior": {
				"disableBodyPruning": true
			},
			"request": {
				"auth": {
					"type": "bearer",
					"bearer": {
						"token": "{{token}}"
					}
				},
				"method": "GET",
				"header": [
					{
						"key": "Content-Type",
						"value": "application/json",
						"type": "text"
					}
				],
				"body": {
					"mode": "raw",
					"raw": "",
					"options": {
						"raw": {
							"language": "json"
						}
					}
				},
				"url": {
					"raw": "{{baseurl}}/api/v1/timesheets/get_all_timesheets_by_user?user_id=281&client_manager_name=Sonu&status=Approve",
					"host": [
						"{{baseurl}}"
					],
					"path": [
						"api",
						"v1",
						"timesheets",
						"get_all_timesheets_by_user"
					],
					"query": [
						{
							"key": "user_id",
							"value": "281"
						},
						{
							"key": "year",
							"value": "2023",
							"disabled": true
						},
						{
							"key": "month",
							"value": "3",
							"disabled": true
						},
						{
							"key": "pagenumber",
							"value": "1",
							"disabled": true
						},
						{
							"key": "pagesize",
							"value": "25",
							"disabled": true
						},
						{
							"key": "client_manager_name",
							"value": "Sonu"
						},
						{
							"key": "status",
							"value": "Approve"
						}
					]
				}
			},
			"response": []
		},
		{
			"name": "Timesheet - Get Monthly Timesheet By User",
			"protocolProfileBehavior": {
				"disableBodyPruning": true
			},
			"request": {
				"auth": {
					"type": "bearer",
					"bearer": {
						"token": "{{token}}"
					}
				},
				"method": "GET",
				"header": [
					{
						"key": "Content-Type",
						"value": "application/json",
						"type": "text"
					}
				],
				"body": {
					"mode": "raw",
					"raw": "",
					"options": {
						"raw": {
							"language": "json"
						}
					}
				},
				"url": {
					"raw": "{{baseurl}}/api/v1/timesheets/get_monthly_timesheet_by_user?user_id=207&year=2023&month=1",
					"host": [
						"{{baseurl}}"
					],
					"path": [
						"api",
						"v1",
						"timesheets",
						"get_monthly_timesheet_by_user"
					],
					"query": [
						{
							"key": "user_id",
							"value": "207"
						},
						{
							"key": "year",
							"value": "2023"
						},
						{
							"key": "month",
							"value": "1"
						}
					]
				}
			},
			"response": []
		},
		{
			"name": "Submit Project Wise Timesheet",
			"request": {
				"auth": {
					"type": "bearer",
					"bearer": {
						"token": "{{token}}"
					}
				},
				"method": "POST",
				"header": [
					{
						"key": "Content-Type",
						"value": "application/json",
						"type": "text"
					}
				],
				"body": {
					"mode": "raw",
					"raw": "{\r\n\"user_id\": 207,\r\n\"project_id\": 68,\r\n\"year\":2023,\r\n\"month\":\"3\",\r\n\"week_start_date\": \"2023-03-06\",\r\n\"week_end_date\":  \"2023-03-12\",\r\n\"user_notes\": \"test comment\",\r\n\"approver_id\": 1,\r\n\"approver_notes\": \"approver comment\",\r\n\"client_manager_email\": \"test@yopmail.com\",\r\n\"client_manager_name\": \"test client\",\r\n\"timesheet_data\": [\r\n    { \r\n        \"timesheet_date\": \"2023-03-06\",\r\n        \"regular_hours\": 4,\r\n        \"regular_minutes\":10,\r\n        \"ot_hours\": 4,\r\n        \"ot_minutes\":30,\r\n        \"absent_type\": null,\r\n        \"absent_hours\":null,\r\n        \"absent_minutes\":null,\r\n        \"status\":\"SAVED\",\r\n        \"qb_timesheet_id\":null,\r\n        \"qb_status\":null\r\n    },\r\n\t{ \r\n        \"timesheet_date\": \"2023-03-07\",\r\n        \"regular_hours\": 4,\r\n        \"regular_minutes\":10,\r\n        \"ot_hours\": 4,\r\n        \"ot_minutes\":30,\r\n        \"absent_type\": null,\r\n        \"absent_hours\":null,\r\n        \"absent_minutes\":null,\r\n        \"status\":\"SAVED\",\r\n        \"qb_timesheet_id\":null,\r\n        \"qb_status\":null\r\n    },\r\n\t{ \r\n        \"timesheet_date\": \"2023-03-08\",\r\n        \"regular_hours\": 4,\r\n        \"regular_minutes\":10,\r\n        \"ot_hours\": 4,\r\n        \"ot_minutes\":30,\r\n        \"absent_type\": null,\r\n        \"absent_hours\":null,\r\n        \"absent_minutes\":null,\r\n        \"status\":\"SAVED\",\r\n        \"qb_timesheet_id\":null,\r\n        \"qb_status\":null\r\n    },\r\n\t{ \r\n        \"timesheet_date\": \"2023-03-09\",\r\n        \"regular_hours\": 4,\r\n        \"regular_minutes\":10,\r\n        \"ot_hours\": 4,\r\n        \"ot_minutes\":30,\r\n        \"absent_type\": null,\r\n        \"absent_hours\":null,\r\n        \"absent_minutes\":null,\r\n        \"status\":\"SAVED\",\r\n        \"qb_timesheet_id\":null,\r\n        \"qb_status\":null\r\n    },\r\n\t{ \r\n        \"timesheet_date\": \"2023-03-10\",\r\n        \"regular_hours\": 4,\r\n        \"regular_minutes\":10,\r\n        \"ot_hours\": 4,\r\n        \"ot_minutes\":30,\r\n        \"absent_type\": null,\r\n        \"absent_hours\":null,\r\n        \"absent_minutes\":null,\r\n        \"status\":\"SAVED\",\r\n        \"qb_timesheet_id\":null,\r\n        \"qb_status\":null\r\n    },\r\n\t{ \r\n        \"timesheet_date\": \"2023-03-11\",\r\n        \"regular_hours\": 4,\r\n        \"regular_minutes\":10,\r\n        \"ot_hours\": 4,\r\n        \"ot_minutes\":30,\r\n        \"absent_type\": null,\r\n        \"absent_hours\":null,\r\n        \"absent_minutes\":null,\r\n        \"status\":\"SAVED\",\r\n        \"qb_timesheet_id\":null,\r\n        \"qb_status\":null\r\n    },\r\n\t{ \r\n        \"timesheet_date\": \"2023-03-12\",\r\n        \"regular_hours\": 4,\r\n        \"regular_minutes\":10,\r\n        \"ot_hours\": 4,\r\n        \"ot_minutes\":30,\r\n        \"absent_type\": null,\r\n        \"absent_hours\":null,\r\n        \"absent_minutes\":null,\r\n        \"status\":\"SAVED\",\r\n        \"qb_timesheet_id\":null,\r\n        \"qb_status\":null\r\n    }\r\n]\r\n}",
					"options": {
						"raw": {
							"language": "json"
						}
					}
				},
				"url": "{{baseurl}}/api/v1/timesheets/submit_project_wise_timesheet"
			},
			"response": []
		},
		{
			"name": "Timesheet - Submit All Project Timesheets",
			"request": {
				"auth": {
					"type": "bearer",
					"bearer": {
						"token": "{{token}}"
					}
				},
				"method": "POST",
				"header": [
					{
						"key": "Content-Type",
						"value": "application/json",
						"type": "text"
					}
				],
				"body": {
					"mode": "raw",
					"raw": "{\r\n\t\r\n\t\"year\":2023,\r\n\t\"month\":\"3\",\r\n\t\"week_start_date\": \"2023-03-06\",\r\n\t\"week_end_date\":  \"2023-03-12\",\r\n\r\n\t\"timesheets\" : [\r\n\t{\r\n\t\r\n\t\t\"user_id\": 207,\t\r\n\t\t\"project_id\": 68,\r\n\t\t\"user_notes\": \"test comment\",\r\n\t\t\"approver_id\": 1,\r\n\t\t\"approver_notes\": \"approver comment\",\r\n\t\t\"client_manager_email\": \"test@yopmail.com\",\r\n\t\t\"client_manager_name\": \"test client\",\r\n\t\t\"timesheet_data\": [\r\n\t\t\t{ \r\n\t\t\t\t\"timesheet_date\": \"2023-03-06\",\r\n\t\t\t\t\"regular_hours\": 4,\r\n\t\t\t\t\"regular_minutes\":10,\r\n\t\t\t\t\"ot_hours\": 4,\r\n\t\t\t\t\"ot_minutes\":30,\r\n\t\t\t\t\"absent_type\": null,\r\n\t\t\t\t\"absent_hours\":null,\r\n\t\t\t\t\"absent_minutes\":null,\r\n\t\t\t\t\"status\":\"SAVED\",\r\n\t\t\t\t\"qb_timesheet_id\":null,\r\n\t\t\t\t\"qb_status\":null\r\n\t\t\t},\r\n\t\t\t{ \r\n\t\t\t\t\"timesheet_date\": \"2023-03-07\",\r\n\t\t\t\t\"regular_hours\": 4,\r\n\t\t\t\t\"regular_minutes\":10,\r\n\t\t\t\t\"ot_hours\": 4,\r\n\t\t\t\t\"ot_minutes\":30,\r\n\t\t\t\t\"absent_type\": null,\r\n\t\t\t\t\"absent_hours\":null,\r\n\t\t\t\t\"absent_minutes\":null,\r\n\t\t\t\t\"status\":\"SAVED\",\r\n\t\t\t\t\"qb_timesheet_id\":null,\r\n\t\t\t\t\"qb_status\":null\r\n\t\t\t},\r\n\t\t\t{ \r\n\t\t\t\t\"timesheet_date\": \"2023-03-08\",\r\n\t\t\t\t\"regular_hours\": 4,\r\n\t\t\t\t\"regular_minutes\":10,\r\n\t\t\t\t\"ot_hours\": 4,\r\n\t\t\t\t\"ot_minutes\":30,\r\n\t\t\t\t\"absent_type\": null,\r\n\t\t\t\t\"absent_hours\":null,\r\n\t\t\t\t\"absent_minutes\":null,\r\n\t\t\t\t\"status\":\"SAVED\",\r\n\t\t\t\t\"qb_timesheet_id\":null,\r\n\t\t\t\t\"qb_status\":null\r\n\t\t\t},\r\n\t\t\t{ \r\n\t\t\t\t\"timesheet_date\": \"2023-03-09\",\r\n\t\t\t\t\"regular_hours\": 4,\r\n\t\t\t\t\"regular_minutes\":10,\r\n\t\t\t\t\"ot_hours\": 4,\r\n\t\t\t\t\"ot_minutes\":30,\r\n\t\t\t\t\"absent_type\": null,\r\n\t\t\t\t\"absent_hours\":null,\r\n\t\t\t\t\"absent_minutes\":null,\r\n\t\t\t\t\"status\":\"SAVED\",\r\n\t\t\t\t\"qb_timesheet_id\":null,\r\n\t\t\t\t\"qb_status\":null\r\n\t\t\t},\r\n\t\t\t{ \r\n\t\t\t\t\"timesheet_date\": \"2023-03-10\",\r\n\t\t\t\t\"regular_hours\": 4,\r\n\t\t\t\t\"regular_minutes\":10,\r\n\t\t\t\t\"ot_hours\": 4,\r\n\t\t\t\t\"ot_minutes\":30,\r\n\t\t\t\t\"absent_type\": null,\r\n\t\t\t\t\"absent_hours\":null,\r\n\t\t\t\t\"absent_minutes\":null,\r\n\t\t\t\t\"status\":\"SAVED\",\r\n\t\t\t\t\"qb_timesheet_id\":null,\r\n\t\t\t\t\"qb_status\":null\r\n\t\t\t},\r\n\t\t\t{ \r\n\t\t\t\t\"timesheet_date\": \"2023-03-11\",\r\n\t\t\t\t\"regular_hours\": 4,\r\n\t\t\t\t\"regular_minutes\":10,\r\n\t\t\t\t\"ot_hours\": 4,\r\n\t\t\t\t\"ot_minutes\":30,\r\n\t\t\t\t\"absent_type\": null,\r\n\t\t\t\t\"absent_hours\":null,\r\n\t\t\t\t\"absent_minutes\":null,\r\n\t\t\t\t\"status\":\"SAVED\",\r\n\t\t\t\t\"qb_timesheet_id\":null,\r\n\t\t\t\t\"qb_status\":null\r\n\t\t\t},\r\n\t\t\t{ \r\n\t\t\t\t\"timesheet_date\": \"2023-03-12\",\r\n\t\t\t\t\"regular_hours\": 4,\r\n\t\t\t\t\"regular_minutes\":10,\r\n\t\t\t\t\"ot_hours\": 4,\r\n\t\t\t\t\"ot_minutes\":30,\r\n\t\t\t\t\"absent_type\": null,\r\n\t\t\t\t\"absent_hours\":null,\r\n\t\t\t\t\"absent_minutes\":null,\r\n\t\t\t\t\"status\":\"SAVED\",\r\n\t\t\t\t\"qb_timesheet_id\":null,\r\n\t\t\t\t\"qb_status\":null\r\n\t\t\t}\r\n\t\t]\r\n\t},\r\n\t{\r\n\r\n\t\t\"user_id\": 207,\t\r\n\t\t\"project_id\": 44,\r\n\t\t\"user_notes\": \"test comment 2\",\r\n\t\t\"approver_id\": 1,\r\n\t\t\"approver_notes\": \"approver comment 2\",\r\n\t\t\"client_manager_email\": \"test@yopmail.com\",\r\n\t\t\"client_manager_name\": \"test client\",\r\n\t\t\"timesheet_data\": [\r\n\t\t\t{ \r\n\t\t\t\t\"timesheet_date\": \"2023-03-06\",\r\n\t\t\t\t\"regular_hours\": 8,\r\n\t\t\t\t\"regular_minutes\":0,\r\n\t\t\t\t\"ot_hours\": 0,\r\n\t\t\t\t\"ot_minutes\":0,\r\n\t\t\t\t\"absent_type\": null,\r\n\t\t\t\t\"absent_hours\":null,\r\n\t\t\t\t\"absent_minutes\":null,\r\n\t\t\t\t\"status\":\"SAVED\",\r\n\t\t\t\t\"qb_timesheet_id\":null,\r\n\t\t\t\t\"qb_status\":null\r\n\t\t\t},\r\n\t\t\t{ \r\n\t\t\t\t\"timesheet_date\": \"2023-03-07\",\r\n\t\t\t\t\"regular_hours\": 4,\r\n\t\t\t\t\"regular_minutes\":30,\r\n\t\t\t\t\"ot_hours\": 2,\r\n\t\t\t\t\"ot_minutes\":30,\r\n\t\t\t\t\"absent_type\": null,\r\n\t\t\t\t\"absent_hours\":null,\r\n\t\t\t\t\"absent_minutes\":null,\r\n\t\t\t\t\"status\":\"SAVED\",\r\n\t\t\t\t\"qb_timesheet_id\":null,\r\n\t\t\t\t\"qb_status\":null\r\n\t\t\t},\r\n\t\t\t{ \r\n\t\t\t\t\"timesheet_date\": \"2023-03-08\",\r\n\t\t\t\t\"regular_hours\": 4,\r\n\t\t\t\t\"regular_minutes\":10,\r\n\t\t\t\t\"ot_hours\": 4,\r\n\t\t\t\t\"ot_minutes\":30,\r\n\t\t\t\t\"absent_type\": null,\r\n\t\t\t\t\"absent_hours\":null,\r\n\t\t\t\t\"absent_minutes\":null,\r\n\t\t\t\t\"status\":\"SAVED\",\r\n\t\t\t\t\"qb_timesheet_id\":null,\r\n\t\t\t\t\"qb_status\":null\r\n\t\t\t},\r\n\t\t\t{ \r\n\t\t\t\t\"timesheet_date\": \"2023-03-09\",\r\n\t\t\t\t\"regular_hours\": 4,\r\n\t\t\t\t\"regular_minutes\":10,\r\n\t\t\t\t\"ot_hours\": 4,\r\n\t\t\t\t\"ot_minutes\":30,\r\n\t\t\t\t\"absent_type\": null,\r\n\t\t\t\t\"absent_hours\":null,\r\n\t\t\t\t\"absent_minutes\":null,\r\n\t\t\t\t\"status\":\"SAVED\",\r\n\t\t\t\t\"qb_timesheet_id\":null,\r\n\t\t\t\t\"qb_status\":null\r\n\t\t\t},\r\n\t\t\t{ \r\n\t\t\t\t\"timesheet_date\": \"2023-03-10\",\r\n\t\t\t\t\"regular_hours\": 4,\r\n\t\t\t\t\"regular_minutes\":10,\r\n\t\t\t\t\"ot_hours\": 4,\r\n\t\t\t\t\"ot_minutes\":30,\r\n\t\t\t\t\"absent_type\": null,\r\n\t\t\t\t\"absent_hours\":null,\r\n\t\t\t\t\"absent_minutes\":null,\r\n\t\t\t\t\"status\":\"SAVED\",\r\n\t\t\t\t\"qb_timesheet_id\":null,\r\n\t\t\t\t\"qb_status\":null\r\n\t\t\t},\r\n\t\t\t{ \r\n\t\t\t\t\"timesheet_date\": \"2023-03-11\",\r\n\t\t\t\t\"regular_hours\": 4,\r\n\t\t\t\t\"regular_minutes\":10,\r\n\t\t\t\t\"ot_hours\": 4,\r\n\t\t\t\t\"ot_minutes\":30,\r\n\t\t\t\t\"absent_type\": null,\r\n\t\t\t\t\"absent_hours\":null,\r\n\t\t\t\t\"absent_minutes\":null,\r\n\t\t\t\t\"status\":\"SAVED\",\r\n\t\t\t\t\"qb_timesheet_id\":null,\r\n\t\t\t\t\"qb_status\":null\r\n\t\t\t},\r\n\t\t\t{ \r\n\t\t\t\t\"timesheet_date\": \"2023-03-12\",\r\n\t\t\t\t\"regular_hours\": 4,\r\n\t\t\t\t\"regular_minutes\":10,\r\n\t\t\t\t\"ot_hours\": 4,\r\n\t\t\t\t\"ot_minutes\":30,\r\n\t\t\t\t\"absent_type\": null,\r\n\t\t\t\t\"absent_hours\":null,\r\n\t\t\t\t\"absent_minutes\":null,\r\n\t\t\t\t\"status\":\"SAVED\",\r\n\t\t\t\t\"qb_timesheet_id\":null,\r\n\t\t\t\t\"qb_status\":null\r\n\t\t\t}\r\n\t\t]\r\n\t}\r\n\t\r\n\t]\r\n}",
					"options": {
						"raw": {
							"language": "json"
						}
					}
				},
				"url": "{{baseurl}}/api/v1/timesheets/submit_all_project_timesheets"
			},
			"response": []
		},
		{
			"name": "Timesheet - UnSubmit Project Wise Timesheet",
			"request": {
				"auth": {
					"type": "bearer",
					"bearer": {
						"token": "{{token}}"
					}
				},
				"method": "POST",
				"header": [
					{
						"key": "Content-Type",
						"value": "application/json",
						"type": "text"
					}
				],
				"body": {
					"mode": "raw",
					"raw": "{\r\n\"user_id\": 207,\r\n\"project_id\": 44,\r\n\"year\":2023,\r\n\"month\":\"3\",\r\n\"week_start_date\": \"2023-03-06\",\r\n\"week_end_date\":  \"2023-03-12\"\r\n}",
					"options": {
						"raw": {
							"language": "json"
						}
					}
				},
				"url": "{{baseurl}}/api/v1/timesheets/unsubmit_project_wise_timesheet"
			},
			"response": []
		},
		{
			"name": "Timesheet - UnSubmit All Project Timesheet",
			"request": {
				"auth": {
					"type": "bearer",
					"bearer": {
						"token": "{{token}}"
					}
				},
				"method": "POST",
				"header": [
					{
						"key": "Content-Type",
						"value": "application/json",
						"type": "text"
					}
				],
				"body": {
					"mode": "raw",
					"raw": "{\r\n\"year\":2023,\r\n\"month\":\"3\",\r\n\"week_start_date\": \"2023-03-06\",\r\n\"week_end_date\":  \"2023-03-12\",\r\n\"timesheets\" : [\r\n\t{\r\n        \"user_id\": 207,\r\n        \"project_id\": 44\r\n    },\r\n    {\r\n        \"user_id\": 207,\r\n        \"project_id\": 68\r\n    }\r\n]\r\n}",
					"options": {
						"raw": {
							"language": "json"
						}
					}
				},
				"url": "{{baseurl}}/api/v1/timesheets/unsubmit_all_project_timesheets"
			},
			"response": []
		},
		{
			"name": "Timesheet - Send Timesheet Data to QuickBooks",
			"request": {
				"auth": {
					"type": "bearer",
					"bearer": {
						"token": "{{token}}"
					}
				},
				"method": "POST",
				"header": [
					{
						"key": "Content-Type",
						"value": "application/json",
						"type": "text"
					}
				],
				"body": {
					"mode": "raw",
					"raw": "{\r\n    \"user_id\": 1384,\r\n    \"project_id\": 1025,\r\n    \"year\": \"2023\",\r\n    \"month\": \"10\",\r\n    \"week_start_date\": \"2023-10-02\",\r\n    \"week_end_date\": \"2023-10-08\",\r\n    \"user_notes\": \"test\",\r\n    \"approver_id\": null,\r\n    \"approver_notes\": \"aaa\",\r\n    \"client_manager_email\": null,\r\n    \"client_manager_name\": \"Raju Singh\",\r\n    \"timesheet_data\": [\r\n        {\r\n            \"timesheet_date\": \"2023-10-02\",\r\n            \"qb_timesheet_id\": 1148,\r\n            \"qb_status\": null,\r\n            \"bill_rate\": null,\r\n            \"pay_rate\": null\r\n        },\r\n        {\r\n            \"timesheet_date\": \"2023-10-03\",\r\n            \"qb_timesheet_id\": 1149,\r\n            \"qb_status\": null,\r\n            \"bill_rate\": null,\r\n            \"pay_rate\": null\r\n        },\r\n        {\r\n            \"timesheet_date\": \"2023-10-04\",\r\n            \"qb_timesheet_id\": null,\r\n            \"qb_status\": null,\r\n            \"bill_rate\": null,\r\n            \"pay_rate\": null\r\n        },\r\n        {\r\n            \"timesheet_date\": \"2023-10-05\",\r\n            \"qb_timesheet_id\": null,\r\n            \"qb_status\": null,\r\n            \"bill_rate\": null,\r\n            \"pay_rate\": null\r\n        },\r\n        {\r\n            \"timesheet_date\": \"2023-10-06\",\r\n            \"qb_timesheet_id\": null,\r\n            \"qb_status\": null,\r\n            \"bill_rate\": null,\r\n            \"pay_rate\": null\r\n        },\r\n        {\r\n            \"timesheet_date\": \"2023-10-07\",\r\n            \"qb_timesheet_id\": null,\r\n            \"qb_status\": null,\r\n            \"bill_rate\": null,\r\n            \"pay_rate\": null\r\n        },\r\n        {\r\n            \"timesheet_date\": \"2023-10-08\",\r\n            \"qb_timesheet_id\": null,\r\n            \"qb_status\": null,\r\n            \"bill_rate\": null,\r\n            \"pay_rate\": null\r\n        }\r\n    ]\r\n}",
					"options": {
						"raw": {
							"language": "json"
						}
					}
				},
				"url": "{{baseurl}}/api/v1/timesheets/send_project_wise_timesheet_to_qb"
			},
			"response": []
		},
		{
			"name": "Timesheet Mobile APP - Get Multiple Week Timesheet",
			"protocolProfileBehavior": {
				"disableBodyPruning": true
			},
			"request": {
				"auth": {
					"type": "bearer",
					"bearer": {
						"token": "{{token}}"
					}
				},
				"method": "GET",
				"header": [
					{
						"key": "Content-Type",
						"value": "application/json",
						"type": "text"
					}
				],
				"body": {
					"mode": "raw",
					"raw": "",
					"options": {
						"raw": {
							"language": "json"
						}
					}
				},
				"url": {
					"raw": "{{baseurl}}/api/v1/timesheets/get_multiple_week_timesheet?user_id=207&week_start_date=2023-03-06&week_end_date=2023-03-12&previous_weeks=3&next_weeks=3",
					"host": [
						"{{baseurl}}"
					],
					"path": [
						"api",
						"v1",
						"timesheets",
						"get_multiple_week_timesheet"
					],
					"query": [
						{
							"key": "user_id",
							"value": "207"
						},
						{
							"key": "week_start_date",
							"value": "2023-03-06"
						},
						{
							"key": "week_end_date",
							"value": "2023-03-12"
						},
						{
							"key": "previous_weeks",
							"value": "3"
						},
						{
							"key": "next_weeks",
							"value": "3"
						}
					]
				}
			},
			"response": []
		},
		{
			"name": "Timesheet - Get Single Week Timesheet By Project",
			"protocolProfileBehavior": {
				"disableBodyPruning": true
			},
			"request": {
				"auth": {
					"type": "bearer",
					"bearer": {
						"token": "{{token}}"
					}
				},
				"method": "GET",
				"header": [
					{
						"key": "Content-Type",
						"value": "application/json",
						"type": "text"
					}
				],
				"body": {
					"mode": "raw",
					"raw": "",
					"options": {
						"raw": {
							"language": "json"
						}
					}
				},
				"url": {
					"raw": "{{baseurl}}/api/v1/timesheets/get_single_week_timesheet_by_project?user_id=207&project_id=44&week_start_date=2023-03-06&week_end_date=2023-03-12",
					"host": [
						"{{baseurl}}"
					],
					"path": [
						"api",
						"v1",
						"timesheets",
						"get_single_week_timesheet_by_project"
					],
					"query": [
						{
							"key": "user_id",
							"value": "207"
						},
						{
							"key": "project_id",
							"value": "44"
						},
						{
							"key": "week_start_date",
							"value": "2023-03-06"
						},
						{
							"key": "week_end_date",
							"value": "2023-03-12"
						}
					]
				}
			},
			"response": []
		},
		{
			"name": "Timesheet Mobile APP - Get Multiple Week Timesheet By Project",
			"protocolProfileBehavior": {
				"disableBodyPruning": true
			},
			"request": {
				"auth": {
					"type": "bearer",
					"bearer": {
						"token": "{{token}}"
					}
				},
				"method": "GET",
				"header": [
					{
						"key": "Content-Type",
						"value": "application/json",
						"type": "text"
					}
				],
				"body": {
					"mode": "raw",
					"raw": "",
					"options": {
						"raw": {
							"language": "json"
						}
					}
				},
				"url": {
					"raw": "{{baseurl}}/api/v1/timesheets/get_multiple_week_timesheet_by_project?user_id=207&project_id=44&week_start_date=2023-03-06&week_end_date=2023-03-12&previous_weeks=3&next_weeks=3",
					"host": [
						"{{baseurl}}"
					],
					"path": [
						"api",
						"v1",
						"timesheets",
						"get_multiple_week_timesheet_by_project"
					],
					"query": [
						{
							"key": "user_id",
							"value": "207"
						},
						{
							"key": "project_id",
							"value": "44"
						},
						{
							"key": "week_start_date",
							"value": "2023-03-06"
						},
						{
							"key": "week_end_date",
							"value": "2023-03-12"
						},
						{
							"key": "previous_weeks",
							"value": "3"
						},
						{
							"key": "next_weeks",
							"value": "3"
						}
					]
				}
			},
			"response": []
		},
		{
			"name": "get_copy_last_week_hours_data",
			"protocolProfileBehavior": {
				"disableBodyPruning": true
			},
			"request": {
				"auth": {
					"type": "bearer",
					"bearer": {
						"token": "{{token}}"
					}
				},
				"method": "GET",
				"header": [
					{
						"key": "Content-Type",
						"value": "application/json",
						"type": "text"
					}
				],
				"body": {
					"mode": "raw",
					"raw": "",
					"options": {
						"raw": {
							"language": "json"
						}
					}
				},
				"url": {
					"raw": "{{baseurl}}/api/v1/timesheets/get_copy_last_week_hours_data?user_id=44&week_start_date=2023-09-04&week_end_date=2023-09-10",
					"host": [
						"{{baseurl}}"
					],
					"path": [
						"api",
						"v1",
						"timesheets",
						"get_copy_last_week_hours_data"
					],
					"query": [
						{
							"key": "user_id",
							"value": "44"
						},
						{
							"key": "week_start_date",
							"value": "2023-09-04"
						},
						{
							"key": "week_end_date",
							"value": "2023-09-10"
						}
					]
				}
			},
			"response": []
		}
	]
}