{
	"info": {
		"_postman_id": "cb3bb072-3459-4b14-bfec-85ed214d77b9",
		"name": "Timesheets Approver New",
		"schema": "https://schema.getpostman.com/json/collection/v2.0.0/collection.json",
		"_exporter_id": "23389875",
		"_collection_link": "https://msr-cosmos.postman.co/workspace/Timesheet~24d1fdf5-23b1-4123-8405-c20ac5a1bdef/collection/23389875-cb3bb072-3459-4b14-bfec-85ed214d77b9?action=share&source=collection_link&creator=23389875"
	},
	"item": [
		{
			"name": "Get Single Week Timesheet Of Selected Employee",
			"request": {
				"auth": {
					"type": "bearer",
					"bearer": {
						"token": "{{token}}"
					}
				},
				"method": "GET",
				"header": [],
				"url": {
					"raw": "{{baseurl}}/api/v1/timesheets/get_single_week_approver_timesheet?user_id=207&week_start_date=2023-07-31&week_end_date=2023-08-06",
					"host": [
						"{{baseurl}}"
					],
					"path": [
						"api",
						"v1",
						"timesheets",
						"get_single_week_approver_timesheet"
					],
					"query": [
						{
							"key": "user_id",
							"value": "207"
						},
						{
							"key": "week_start_date",
							"value": "2023-07-31"
						},
						{
							"key": "week_end_date",
							"value": "2023-08-06"
						}
					]
				}
			},
			"response": []
		},
		{
			"name": "Timesheet Approver - Status Wise Total Hours By Month",
			"protocolProfileBehavior": {
				"disableBodyPruning": true
			},
			"request": {
				"auth": {
					"type": "bearer",
					"bearer": {
						"token": "{{token}}"
					}
				},
				"method": "GET",
				"header": [
					{
						"key": "Content-Type",
						"value": "application/json",
						"type": "text"
					}
				],
				"body": {
					"mode": "raw",
					"raw": "",
					"options": {
						"raw": {
							"language": "json"
						}
					}
				},
				"url": {
					"raw": "{{baseurl}}/api/v1/timesheets/get_status_wise_total_hours_by_month?year=2023&month=6",
					"host": [
						"{{baseurl}}"
					],
					"path": [
						"api",
						"v1",
						"timesheets",
						"get_status_wise_total_hours_by_month"
					],
					"query": [
						{
							"key": "year",
							"value": "2023"
						},
						{
							"key": "month",
							"value": "6"
						}
					]
				}
			},
			"response": []
		},
		{
			"name": "Timesheet Approver - Status Wise Employee Timesheet By Month",
			"protocolProfileBehavior": {
				"disableBodyPruning": true
			},
			"request": {
				"auth": {
					"type": "bearer",
					"bearer": {
						"token": "{{token}}"
					}
				},
				"method": "GET",
				"header": [
					{
						"key": "Content-Type",
						"value": "application/json",
						"type": "text"
					}
				],
				"body": {
					"mode": "raw",
					"raw": "",
					"options": {
						"raw": {
							"language": "json"
						}
					}
				},
				"url": {
					"raw": "{{baseurl}}/api/v1/timesheets/get_status_wise_emp_timesheet_by_month?year=2023&month=7",
					"host": [
						"{{baseurl}}"
					],
					"path": [
						"api",
						"v1",
						"timesheets",
						"get_status_wise_emp_timesheet_by_month"
					],
					"query": [
						{
							"key": "year",
							"value": "2023"
						},
						{
							"key": "month",
							"value": "7"
						},
						{
							"key": "status",
							"value": "SUBMITTED",
							"disabled": true
						}
					]
				}
			},
			"response": []
		},
		{
			"name": "Timesheet Approver - Status Wise Project Timesheet By Month",
			"protocolProfileBehavior": {
				"disableBodyPruning": true
			},
			"request": {
				"auth": {
					"type": "bearer",
					"bearer": {
						"token": "{{token}}"
					}
				},
				"method": "GET",
				"header": [
					{
						"key": "Content-Type",
						"value": "application/json",
						"type": "text"
					}
				],
				"body": {
					"mode": "raw",
					"raw": "",
					"options": {
						"raw": {
							"language": "json"
						}
					}
				},
				"url": {
					"raw": "{{baseurl}}/api/v1/timesheets/get_status_wise_project_timesheet_by_month?year=2023&month=7&status=APPROVED",
					"host": [
						"{{baseurl}}"
					],
					"path": [
						"api",
						"v1",
						"timesheets",
						"get_status_wise_project_timesheet_by_month"
					],
					"query": [
						{
							"key": "year",
							"value": "2023"
						},
						{
							"key": "month",
							"value": "7"
						},
						{
							"key": "status",
							"value": "APPROVED"
						}
					]
				}
			},
			"response": []
		},
		{
			"name": "Timesheet Approver - Approve Project Wise Timesheet",
			"request": {
				"auth": {
					"type": "bearer",
					"bearer": {
						"token": "{{token}}"
					}
				},
				"method": "POST",
				"header": [
					{
						"key": "Content-Type",
						"value": "application/json",
						"type": "text"
					}
				],
				"body": {
					"mode": "raw",
					"raw": "{\r\n\"user_id\": 207,\r\n\"project_id\": 44,\r\n\"year\":2023,\r\n\"month\":\"3\",\r\n\"week_start_date\": \"2023-03-06\",\r\n\"week_end_date\":  \"2023-03-12\",\r\n\"approver_notes\": \"rejected comment\",\r\n\"timesheet_data\": [\r\n    { \r\n        \"timesheet_date\": \"2023-03-06\"\r\n    },\r\n\t{ \r\n        \"timesheet_date\": \"2023-03-07\"\r\n    },\r\n\t{ \r\n        \"timesheet_date\": \"2023-03-08\"\r\n    },\r\n\t{ \r\n        \"timesheet_date\": \"2023-03-09\"\r\n    },\r\n\t{ \r\n        \"timesheet_date\": \"2023-03-10\"\r\n    },\r\n\t{ \r\n        \"timesheet_date\": \"2023-03-11\"\r\n    },\r\n\t{ \r\n        \"timesheet_date\": \"2023-03-12\"\r\n    }\r\n]\r\n}"
				},
				"url": "{{baseurl}}/api/v1/timesheets/approve_project_wise_timesheet"
			},
			"response": []
		},
		{
			"name": "Timesheet Approver - Revert Project Wise Timesheet",
			"request": {
				"auth": {
					"type": "bearer",
					"bearer": {
						"token": "{{token}}"
					}
				},
				"method": "POST",
				"header": [
					{
						"key": "Content-Type",
						"value": "application/json",
						"type": "text"
					}
				],
				"body": {
					"mode": "raw",
					"raw": "{\r\n\"user_id\": 44,\r\n\"project_id\": 13,\r\n\"year\":2023,\r\n\"month\":\"3\",\r\n\"week_start_date\": \"2023-03-27\",\r\n\"week_end_date\":  \"2023-04-02\",\r\n\"approver_notes\": \"approver comment\",\r\n\"timesheet_data\": [\r\n   { \r\n\t\t\t\t\"timesheet_date\": \"2023-03-27\"\r\n\t\t\t},\r\n\t\t\t{ \r\n\t\t\t\t\"timesheet_date\": \"2023-03-28\"\r\n\t\t\t},\r\n\t\t\t{ \r\n\t\t\t\t\"timesheet_date\": \"2023-03-29\"\r\n\t\t\t},\r\n\t\t\t{ \r\n\t\t\t\t\"timesheet_date\": \"2023-03-30\"\r\n\t\t\t},\r\n\t\t\t{ \r\n\t\t\t\t\"timesheet_date\": \"2023-03-31\"\r\n\t\t\t},\r\n\t\t\t{ \r\n\t\t\t\t\"timesheet_date\": \"2023-04-01\"\r\n\t\t\t},\r\n\t\t\t{ \r\n\t\t\t\t\"timesheet_date\": \"2023-04-02\"\r\n\t\t\t}\r\n]\r\n}",
					"options": {
						"raw": {
							"language": "json"
						}
					}
				},
				"url": "{{baseurl}}/api/v1/timesheets/revert_project_wise_timesheet"
			},
			"response": []
		},
		{
			"name": "Timesheet Approver - Approve All Project Timesheet",
			"request": {
				"auth": {
					"type": "bearer",
					"bearer": {
						"token": "{{token}}"
					}
				},
				"method": "POST",
				"header": [
					{
						"key": "Content-Type",
						"value": "application/json",
						"type": "text"
					}
				],
				"body": {
					"mode": "raw",
					"raw": "{\r\n\"year\":2023,\r\n\"month\":\"3\",\r\n\"week_start_date\": \"2023-03-06\",\r\n\"week_end_date\":  \"2023-03-12\",\r\n\"timesheets\" : [\r\n\t{\r\n        \"user_id\": 207,\r\n        \"project_id\": 44,\r\n\t\t\"approver_notes\": \"approver comment\",\r\n\t\t\"timesheet_data\": [\r\n\t\t\t{ \r\n\t\t\t\t\"timesheet_date\": \"2023-03-06\"\r\n\t\t\t},\r\n\t\t\t{ \r\n\t\t\t\t\"timesheet_date\": \"2023-03-07\"\r\n\t\t\t},\r\n\t\t\t{ \r\n\t\t\t\t\"timesheet_date\": \"2023-03-08\"\r\n\t\t\t},\r\n\t\t\t{ \r\n\t\t\t\t\"timesheet_date\": \"2023-03-09\"\r\n\t\t\t},\r\n\t\t\t{ \r\n\t\t\t\t\"timesheet_date\": \"2023-03-10\"\r\n\t\t\t},\r\n\t\t\t{ \r\n\t\t\t\t\"timesheet_date\": \"2023-03-11\"\r\n\t\t\t},\r\n\t\t\t{ \r\n\t\t\t\t\"timesheet_date\": \"2023-03-12\"\r\n\t\t\t}\r\n\t\t]\r\n    },\r\n    {\r\n        \"user_id\": 207,\r\n        \"project_id\": 68,\r\n\t\t\"approver_notes\": \"approver comment\",\r\n\t\t\"timesheet_data\": [\r\n\t\t\t{ \r\n\t\t\t\t\"timesheet_date\": \"2023-03-06\"\r\n\t\t\t},\r\n\t\t\t{ \r\n\t\t\t\t\"timesheet_date\": \"2023-03-07\"\r\n\t\t\t},\r\n\t\t\t{ \r\n\t\t\t\t\"timesheet_date\": \"2023-03-08\"\r\n\t\t\t},\r\n\t\t\t{ \r\n\t\t\t\t\"timesheet_date\": \"2023-03-09\"\r\n\t\t\t},\r\n\t\t\t{ \r\n\t\t\t\t\"timesheet_date\": \"2023-03-10\"\r\n\t\t\t},\r\n\t\t\t{ \r\n\t\t\t\t\"timesheet_date\": \"2023-03-11\"\r\n\t\t\t},\r\n\t\t\t{ \r\n\t\t\t\t\"timesheet_date\": \"2023-03-12\"\r\n\t\t\t}\r\n\t\t]\r\n    }\r\n]\r\n}",
					"options": {
						"raw": {
							"language": "json"
						}
					}
				},
				"url": "{{baseurl}}/api/v1/timesheets/approve_all_project_timesheets"
			},
			"response": []
		},
		{
			"name": "Timesheet Approver - Approve Monthly Timesheets",
			"request": {
				"auth": {
					"type": "bearer",
					"bearer": {
						"token": "{{token}}"
					}
				},
				"method": "POST",
				"header": [
					{
						"key": "Content-Type",
						"value": "application/json",
						"type": "text"
					}
				],
				"body": {
					"mode": "raw",
					"raw": "{\r\n\"year\":2023,\r\n\"month\":\"3\",\r\n\"user_id\": 281,\r\n\"approver_notes\":\"test\"\r\n}",
					"options": {
						"raw": {
							"language": "json"
						}
					}
				},
				"url": "{{baseurl}}/api/v1/timesheets/approve_monthly_timesheets"
			},
			"response": []
		},
		{
			"name": "Timesheet Approver - Revert All Project Timesheets",
			"request": {
				"auth": {
					"type": "bearer",
					"bearer": {
						"token": "{{token}}"
					}
				},
				"method": "POST",
				"header": [
					{
						"key": "Content-Type",
						"value": "application/json",
						"type": "text"
					}
				],
				"body": {
					"mode": "raw",
					"raw": "{\r\n\"year\":2023,\r\n\"month\":\"3\",\r\n\"week_start_date\": \"2023-03-27\",\r\n\"week_end_date\":  \"2023-04-02\",\r\n\"timesheets\" : [\r\n\t{\r\n        \"user_id\": 44,\r\n        \"project_id\": 13,\r\n\t\t\"approver_notes\": \"approver comment\",\r\n\t\t\"timesheet_data\": [\r\n\t\t\t{ \r\n\t\t\t\t\"timesheet_date\": \"2023-03-27\"\r\n\t\t\t},\r\n\t\t\t{ \r\n\t\t\t\t\"timesheet_date\": \"2023-03-28\"\r\n\t\t\t},\r\n\t\t\t{ \r\n\t\t\t\t\"timesheet_date\": \"2023-03-29\"\r\n\t\t\t},\r\n\t\t\t{ \r\n\t\t\t\t\"timesheet_date\": \"2023-03-30\"\r\n\t\t\t},\r\n\t\t\t{ \r\n\t\t\t\t\"timesheet_date\": \"2023-03-31\"\r\n\t\t\t},\r\n\t\t\t{ \r\n\t\t\t\t\"timesheet_date\": \"2023-04-01\"\r\n\t\t\t},\r\n\t\t\t{ \r\n\t\t\t\t\"timesheet_date\": \"2023-04-02\"\r\n\t\t\t}\r\n\t\t]\r\n    },\r\n    {\r\n        \"user_id\": 44,\r\n        \"project_id\": 115,\r\n\t\t\"approver_notes\": \"approver comment\",\r\n\t\t\"timesheet_data\": [\r\n\t\t{ \r\n\t\t\t\t\"timesheet_date\": \"2023-03-27\"\r\n\t\t\t},\r\n\t\t\t{ \r\n\t\t\t\t\"timesheet_date\": \"2023-03-28\"\r\n\t\t\t},\r\n\t\t\t{ \r\n\t\t\t\t\"timesheet_date\": \"2023-03-29\"\r\n\t\t\t},\r\n\t\t\t{ \r\n\t\t\t\t\"timesheet_date\": \"2023-03-30\"\r\n\t\t\t},\r\n\t\t\t{ \r\n\t\t\t\t\"timesheet_date\": \"2023-03-31\"\r\n\t\t\t},\r\n\t\t\t{ \r\n\t\t\t\t\"timesheet_date\": \"2023-04-01\"\r\n\t\t\t},\r\n\t\t\t{ \r\n\t\t\t\t\"timesheet_date\": \"2023-04-02\"\r\n\t\t\t}\r\n\t\t]\r\n    }\r\n]\r\n}",
					"options": {
						"raw": {
							"language": "json"
						}
					}
				},
				"url": "{{baseurl}}/api/v1/timesheets/revert_all_project_timesheets"
			},
			"response": []
		},
		{
			"name": "Timesheet Approver - Approve Project Wise Single Day Timesheet",
			"request": {
				"auth": {
					"type": "bearer",
					"bearer": {
						"token": "{{token}}"
					}
				},
				"method": "POST",
				"header": [
					{
						"key": "Content-Type",
						"value": "application/json",
						"type": "text"
					}
				],
				"body": {
					"mode": "raw",
					"raw": "{\r\n\"user_id\": 207,\r\n\"project_id\": 44,\r\n\"year\":2023,\r\n\"month\":\"3\",\r\n\"week_start_date\": \"2023-03-06\",\r\n\"week_end_date\":  \"2023-03-12\",\r\n\"approver_notes\": \"approver comment\",\r\n\"timesheet_date\": \"2023-03-06\"\r\n}",
					"options": {
						"raw": {
							"language": "json"
						}
					}
				},
				"url": "{{baseurl}}/api/v1/timesheets/approve_project_wise_single_day_timesheet"
			},
			"response": []
		},
		{
			"name": "Timesheet Approver - Reject Project Wise Timesheet",
			"request": {
				"auth": {
					"type": "bearer",
					"bearer": {
						"token": "{{token}}"
					}
				},
				"method": "POST",
				"header": [
					{
						"key": "Content-Type",
						"value": "application/json",
						"type": "text"
					}
				],
				"body": {
					"mode": "raw",
					"raw": "{\r\n\"user_id\": 207,\r\n\"project_id\": 44,\r\n\"year\":2023,\r\n\"month\":\"3\",\r\n\"week_start_date\": \"2023-03-06\",\r\n\"week_end_date\":  \"2023-03-12\",\r\n\"approver_notes\": \"rejected comment\",\r\n\"timesheet_data\": [\r\n    { \r\n        \"timesheet_date\": \"2023-03-06\"\r\n    },\r\n\t{ \r\n        \"timesheet_date\": \"2023-03-07\"\r\n    },\r\n\t{ \r\n        \"timesheet_date\": \"2023-03-08\"\r\n    },\r\n\t{ \r\n        \"timesheet_date\": \"2023-03-09\"\r\n    },\r\n\t{ \r\n        \"timesheet_date\": \"2023-03-10\"\r\n    },\r\n\t{ \r\n        \"timesheet_date\": \"2023-03-11\"\r\n    },\r\n\t{ \r\n        \"timesheet_date\": \"2023-03-12\"\r\n    }\r\n]\r\n}"
				},
				"url": "{{baseurl}}/api/v1/timesheets/reject_project_wise_timesheet"
			},
			"response": []
		},
		{
			"name": "Timesheet Approver - Reject Project Wise Single Day Timesheet",
			"request": {
				"auth": {
					"type": "bearer",
					"bearer": {
						"token": "{{token}}"
					}
				},
				"method": "POST",
				"header": [
					{
						"key": "Content-Type",
						"value": "application/json",
						"type": "text"
					}
				],
				"body": {
					"mode": "raw",
					"raw": "{\r\n\"user_id\": 207,\r\n\"project_id\": 44,\r\n\"year\":2023,\r\n\"month\":\"3\",\r\n\"week_start_date\": \"2023-03-06\",\r\n\"week_end_date\":  \"2023-03-12\",\r\n\"approver_notes\": \"approver comment\",\r\n\"timesheet_date\": \"2023-03-06\"\r\n}",
					"options": {
						"raw": {
							"language": "json"
						}
					}
				},
				"url": "{{baseurl}}/api/v1/timesheets/reject_project_wise_single_day_timesheet"
			},
			"response": []
		},
		{
			"name": "Timesheet Approver - Reject All Project Timesheet",
			"request": {
				"auth": {
					"type": "bearer",
					"bearer": {
						"token": "{{token}}"
					}
				},
				"method": "POST",
				"header": [
					{
						"key": "Content-Type",
						"value": "application/json",
						"type": "text"
					}
				],
				"body": {
					"mode": "raw",
					"raw": "{\r\n\"year\":2023,\r\n\"month\":\"3\",\r\n\"week_start_date\": \"2023-03-06\",\r\n\"week_end_date\":  \"2023-03-12\",\r\n\"timesheets\" : [\r\n\t{\r\n        \"user_id\": 207,\r\n        \"project_id\": 44,\r\n\t\t\"approver_notes\": \"all rejected commentttt\",\r\n\t\t\"timesheet_data\": [\r\n\t\t\t{ \r\n\t\t\t\t\"timesheet_date\": \"2023-03-06\"\r\n\t\t\t},\r\n\t\t\t{ \r\n\t\t\t\t\"timesheet_date\": \"2023-03-07\"\r\n\t\t\t},\r\n\t\t\t{ \r\n\t\t\t\t\"timesheet_date\": \"2023-03-08\"\r\n\t\t\t},\r\n\t\t\t{ \r\n\t\t\t\t\"timesheet_date\": \"2023-03-09\"\r\n\t\t\t},\r\n\t\t\t{ \r\n\t\t\t\t\"timesheet_date\": \"2023-03-10\"\r\n\t\t\t},\r\n\t\t\t{ \r\n\t\t\t\t\"timesheet_date\": \"2023-03-11\"\r\n\t\t\t},\r\n\t\t\t{ \r\n\t\t\t\t\"timesheet_date\": \"2023-03-12\"\r\n\t\t\t}\r\n\t\t]\r\n    },\r\n    {\r\n        \"user_id\": 207,\r\n        \"project_id\": 68,\r\n\t\t\"approver_notes\": \"approver comment\",\r\n\t\t\"timesheet_data\": [\r\n\t\t\t{ \r\n\t\t\t\t\"timesheet_date\": \"2023-03-06\"\r\n\t\t\t},\r\n\t\t\t{ \r\n\t\t\t\t\"timesheet_date\": \"2023-03-07\"\r\n\t\t\t},\r\n\t\t\t{ \r\n\t\t\t\t\"timesheet_date\": \"2023-03-08\"\r\n\t\t\t},\r\n\t\t\t{ \r\n\t\t\t\t\"timesheet_date\": \"2023-03-09\"\r\n\t\t\t},\r\n\t\t\t{ \r\n\t\t\t\t\"timesheet_date\": \"2023-03-10\"\r\n\t\t\t},\r\n\t\t\t{ \r\n\t\t\t\t\"timesheet_date\": \"2023-03-11\"\r\n\t\t\t},\r\n\t\t\t{ \r\n\t\t\t\t\"timesheet_date\": \"2023-03-12\"\r\n\t\t\t}\r\n\t\t]\r\n    }\r\n]\r\n}",
					"options": {
						"raw": {
							"language": "json"
						}
					}
				},
				"url": "{{baseurl}}/api/v1/timesheets/reject_all_project_timesheets"
			},
			"response": []
		},
		{
			"name": "Timesheet Approver - Reject Monthly Timesheet",
			"request": {
				"auth": {
					"type": "bearer",
					"bearer": {
						"token": "{{token}}"
					}
				},
				"method": "POST",
				"header": [
					{
						"key": "Content-Type",
						"value": "application/json",
						"type": "text"
					}
				],
				"body": {
					"mode": "raw",
					"raw": "{\r\n\"year\":2023,\r\n\"month\":\"1\",\r\n\"user_id\": 207,\r\n\"approver_notes\":\"test\"\r\n}",
					"options": {
						"raw": {
							"language": "json"
						}
					}
				},
				"url": "{{baseurl}}/api/v1/timesheets/reject_monthly_timesheets"
			},
			"response": []
		},
		{
			"name": "Timesheet Approver - Get Single Week Approver Timesheet",
			"protocolProfileBehavior": {
				"disableBodyPruning": true
			},
			"request": {
				"auth": {
					"type": "bearer",
					"bearer": {
						"token": "{{token}}"
					}
				},
				"method": "GET",
				"header": [
					{
						"key": "Content-Type",
						"value": "application/json",
						"type": "text"
					}
				],
				"body": {
					"mode": "raw",
					"raw": "",
					"options": {
						"raw": {
							"language": "json"
						}
					}
				},
				"url": {
					"raw": "{{baseurl}}/api/v1/timesheets/get_single_week_approver_timesheet?user_id=207&week_start_date=2023-07-31&week_end_date=2023-08-06",
					"host": [
						"{{baseurl}}"
					],
					"path": [
						"api",
						"v1",
						"timesheets",
						"get_single_week_approver_timesheet"
					],
					"query": [
						{
							"key": "user_id",
							"value": "207"
						},
						{
							"key": "week_start_date",
							"value": "2023-07-31"
						},
						{
							"key": "week_end_date",
							"value": "2023-08-06"
						}
					]
				}
			},
			"response": []
		},
		{
			"name": "Timesheet Approver - Status Wise Monthly Employee Timesheet By Month",
			"protocolProfileBehavior": {
				"disableBodyPruning": true
			},
			"request": {
				"auth": {
					"type": "bearer",
					"bearer": {
						"token": "{{token}}"
					}
				},
				"method": "GET",
				"header": [
					{
						"key": "Content-Type",
						"value": "application/json",
						"type": "text"
					}
				],
				"body": {
					"mode": "raw",
					"raw": "",
					"options": {
						"raw": {
							"language": "json"
						}
					}
				},
				"url": {
					"raw": "{{baseurl}}/api/v1/timesheets/get_status_wise_monthly_emp_timesheet_by_month?year=2023&month=7",
					"host": [
						"{{baseurl}}"
					],
					"path": [
						"api",
						"v1",
						"timesheets",
						"get_status_wise_monthly_emp_timesheet_by_month"
					],
					"query": [
						{
							"key": "year",
							"value": "2023"
						},
						{
							"key": "month",
							"value": "7"
						},
						{
							"key": "status",
							"value": "APPROVED",
							"disabled": true
						}
					]
				}
			},
			"response": []
		},
		{
			"name": "Timesheet Approver - Status Wise Monthly Project Timesheet By Month",
			"protocolProfileBehavior": {
				"disableBodyPruning": true
			},
			"request": {
				"auth": {
					"type": "bearer",
					"bearer": {
						"token": "{{token}}"
					}
				},
				"method": "GET",
				"header": [
					{
						"key": "Content-Type",
						"value": "application/json",
						"type": "text"
					}
				],
				"body": {
					"mode": "raw",
					"raw": "",
					"options": {
						"raw": {
							"language": "json"
						}
					}
				},
				"url": {
					"raw": "{{baseurl}}/api/v1/timesheets/get_status_wise_monthly_project_timesheet_by_month?year=2023&month=1",
					"host": [
						"{{baseurl}}"
					],
					"path": [
						"api",
						"v1",
						"timesheets",
						"get_status_wise_monthly_project_timesheet_by_month"
					],
					"query": [
						{
							"key": "year",
							"value": "2023"
						},
						{
							"key": "month",
							"value": "1"
						},
						{
							"key": "status",
							"value": "SUBMITTED",
							"disabled": true
						}
					]
				}
			},
			"response": []
		},
		{
			"name": "Timesheet Approver - Approve Project Wise Monthly Timesheets",
			"request": {
				"auth": {
					"type": "bearer",
					"bearer": {
						"token": "{{token}}"
					}
				},
				"method": "POST",
				"header": [
					{
						"key": "Content-Type",
						"value": "application/json",
						"type": "text"
					}
				],
				"body": {
					"mode": "raw",
					"raw": "{\r\n\"year\":2023,\r\n\"month\":\"1\",\r\n\"user_id\": 207,\r\n\"project_id\": 50,\r\n\"approver_notes\":\"test\"\r\n}",
					"options": {
						"raw": {
							"language": "json"
						}
					}
				},
				"url": "{{baseurl}}/api/v1/timesheets/approve_project_wise_monthly_timesheets"
			},
			"response": []
		},
		{
			"name": "Timesheet Approver - Reject Project Wise Monthly Timesheet",
			"request": {
				"auth": {
					"type": "bearer",
					"bearer": {
						"token": "{{token}}"
					}
				},
				"method": "POST",
				"header": [
					{
						"key": "Content-Type",
						"value": "application/json",
						"type": "text"
					}
				],
				"body": {
					"mode": "raw",
					"raw": "{\r\n\"year\":2023,\r\n\"month\":\"1\",\r\n\"user_id\": 207,\r\n\"project_id\": 68,\r\n\"approver_notes\":\"test\"\r\n}",
					"options": {
						"raw": {
							"language": "json"
						}
					}
				},
				"url": "{{baseurl}}/api/v1/timesheets/reject_project_wise_monthly_timesheets"
			},
			"response": []
		},
		{
			"name": "Timesheet Approver - Revert Monthly Timesheet",
			"request": {
				"auth": {
					"type": "bearer",
					"bearer": {
						"token": "{{token}}"
					}
				},
				"method": "POST",
				"header": [
					{
						"key": "Content-Type",
						"value": "application/json",
						"type": "text"
					}
				],
				"body": {
					"mode": "raw",
					"raw": "{\r\n\"year\":2023,\r\n\"month\":\"1\",\r\n\"user_id\": 207,\r\n\"approver_notes\":\"test\"\r\n}",
					"options": {
						"raw": {
							"language": "json"
						}
					}
				},
				"url": "{{baseurl}}/api/v1/timesheets/revert_monthly_timesheets"
			},
			"response": []
		},
		{
			"name": "Timesheet Approver - Revert Project Wise Monthly Timesheet",
			"request": {
				"auth": {
					"type": "bearer",
					"bearer": {
						"token": "{{token}}"
					}
				},
				"method": "POST",
				"header": [
					{
						"key": "Content-Type",
						"value": "application/json",
						"type": "text"
					}
				],
				"body": {
					"mode": "raw",
					"raw": "{\r\n\"year\":2023,\r\n\"month\":\"1\",\r\n\"user_id\": 207,\r\n\"project_id\": 68,\r\n\"approver_notes\":\"test\"\r\n}",
					"options": {
						"raw": {
							"language": "json"
						}
					}
				},
				"url": "{{baseurl}}/api/v1/timesheets/revert_project_wise_monthly_timesheets"
			},
			"response": []
		}
	]
}