{
	"info": {
		"_postman_id": "9f437035-8fc6-4b90-92d0-8abca3212598",
		"name": "timestatus",
		"schema": "https://schema.getpostman.com/json/collection/v2.0.0/collection.json",
		"_exporter_id": "23389875",
		"_collection_link": "https://msr-cosmos.postman.co/workspace/Timesheet~24d1fdf5-23b1-4123-8405-c20ac5a1bdef/collection/16844087-9f437035-8fc6-4b90-92d0-8abca3212598?action=share&source=collection_link&creator=23389875"
	},
	"item": [
		{
			"name": "getalltimestatus",
			"request": {
				"auth": {
					"type": "bearer",
					"bearer": {
						"token": "{{token}}"
					}
				},
				"method": "GET",
				"header": [],
				"url": "{{baseurl}}/api/v1/timeactivity/getalltimestatus"
			},
			"response": []
		}
	]
}