{
	"info": {
		"_postman_id": "49bcdde0-a620-480d-ab24-f232bbc5e4b6",
		"name": "timeactivity",
		"schema": "https://schema.getpostman.com/json/collection/v2.0.0/collection.json",
		"_exporter_id": "23389875",
		"_collection_link": "https://msr-cosmos.postman.co/workspace/Timesheet~24d1fdf5-23b1-4123-8405-c20ac5a1bdef/collection/16844087-49bcdde0-a620-480d-ab24-f232bbc5e4b6?action=share&source=collection_link&creator=23389875"
	},
	"item": [
		{
			"name": "getalltimeactivity",
			"request": {
				"auth": {
					"type": "bearer",
					"bearer": {
						"token": "{{token}}"
					}
				},
				"method": "GET",
				"header": [],
				"url": "{{baseurl}}/api/v1/timeactivity/getalltimeactivity"
			},
			"response": []
		},
		{
			"name": "gettimeactivitybyid",
			"request": {
				"auth": {
					"type": "bearer",
					"bearer": {
						"token": "{{token}}"
					}
				},
				"method": "GET",
				"header": [],
				"url": {
					"raw": "{{baseurl}}/api/v1/timeactivity/gettimeactivitybyid?id=37",
					"host": [
						"{{baseurl}}"
					],
					"path": [
						"api",
						"v1",
						"timeactivity",
						"gettimeactivitybyid"
					],
					"query": [
						{
							"key": "id",
							"value": "37"
						}
					]
				}
			},
			"response": []
		},
		{
			"name": "inserttimeactivity",
			"request": {
				"auth": {
					"type": "bearer",
					"bearer": {
						"token": "{{token}}"
					}
				},
				"method": "POST",
				"header": [],
				"body": {
					"mode": "raw",
					"raw": "[\r\n    {\r\n        \"id\": 57,\r\n        \"approver_id\": 0,\r\n        \"approver_notes\": \"\",\r\n        \"client_name\": \"wipro\",\r\n        \"createdby\": \"2361\",\r\n        \"createdate\": \"2023-02-20T12:13:59.443344\",\r\n        \"day_name\": \"Monday\",\r\n        \"day_status\": \"\",\r\n        \"day_status_hours\": null,\r\n        \"end_customer\": \"wipro\",\r\n        \"employee_name\": \"Vaishnavi bolliseti\",\r\n        \"history\": \"\",\r\n        \"month\": \"January\",\r\n        \"notes\": \"\",\r\n        \"name_of_employee\": \"Vaishnavi bolliseti\",\r\n        \"org_id\": 255,\r\n        \"ot_hours\": 0,\r\n        \"ot_minutes\": 0,\r\n        \"project_id\": 3021,\r\n        \"project_name\": \"Vaishnavi bolliseti-wipro\",\r\n        \"qb_timesheet_id\": 0,\r\n        \"regular_hours\": \"08\",\r\n        \"regular_minutes\": 15,\r\n        \"record_type_status\": \"Active\",\r\n        \"status\": \"submit\",\r\n        \"service_name\": \"\",\r\n        \"timesheet_date\": \"2023-02-13\",\r\n        \"user_id\": 2361,\r\n        \"updatedby\": \"Super Admin\",\r\n        \"updatedate\": \"2023-02-20T20:40:53.010193\",\r\n        \"week\": \"2023-02-13T00:00:00Z-2023-02-19T00:00:00Z\",\r\n        \"week_start_date\": \"2023-02-13\",\r\n        \"week_end_date\": \"2023-02-19\",\r\n        \"year\": \"2023\",\r\n        \"user_email\": \"vaishu@yopmail.com\",\r\n        \"absent_type\": null,\r\n        \"absent_hours\": 0,\r\n        \"absent_minutes\": 0,\r\n        \"client_manager_name\": \"sandeep siva\",\r\n        \"client_manager_email\": \"siva@yopmail.com\",\r\n        \"bill_rate\": null,\r\n        \"pay_rate\": null,\r\n        \"placement_code\": \"TS0007\",\r\n        \"qb_status\": \"Active\",\r\n        \"approver_comments\": null,\r\n        \"comments\": null\r\n    },\r\n    {\r\n        \"id\": 58,\r\n        \"approver_id\": 0,\r\n        \"approver_notes\": \"\",\r\n        \"client_name\": \"wipro\",\r\n        \"createdby\": \"2361\",\r\n        \"createdate\": \"2023-02-20T12:13:59.443344\",\r\n        \"day_name\": \"Tuesday\",\r\n        \"day_status\": \"\",\r\n        \"day_status_hours\": null,\r\n        \"end_customer\": \"wipro\",\r\n        \"employee_name\": \"Vaishnavi bolliseti\",\r\n        \"history\": \"\",\r\n        \"month\": \"January\",\r\n        \"notes\": \"\",\r\n        \"name_of_employee\": \"Vaishnavi bolliseti\",\r\n        \"org_id\": 255,\r\n        \"ot_hours\": 0,\r\n        \"ot_minutes\": 0,\r\n        \"project_id\": 3021,\r\n        \"project_name\": \"Vaishnavi bolliseti-wipro\",\r\n        \"qb_timesheet_id\": 0,\r\n        \"regular_hours\": \"08\",\r\n        \"regular_minutes\": \"00\",\r\n        \"record_type_status\": \"Active\",\r\n        \"status\": \"submit\",\r\n        \"service_name\": \"\",\r\n        \"timesheet_date\": \"2023-02-14\",\r\n        \"user_id\": 2361,\r\n        \"updatedby\": \"Super Admin\",\r\n        \"updatedate\": \"2023-02-20T20:40:53.010193\",\r\n        \"week\": \"2023-02-13T00:00:00Z-2023-02-19T00:00:00Z\",\r\n        \"week_start_date\": \"2023-02-13\",\r\n        \"week_end_date\": \"2023-02-19\",\r\n        \"year\": \"2023\",\r\n        \"user_email\": \"vaishu@yopmail.com\",\r\n        \"absent_type\": null,\r\n        \"absent_hours\": 0,\r\n        \"absent_minutes\": 0,\r\n        \"client_manager_name\": \"sandeep siva\",\r\n        \"client_manager_email\": \"siva@yopmail.com\",\r\n        \"bill_rate\": null,\r\n        \"pay_rate\": null,\r\n        \"placement_code\": \"TS0007\",\r\n        \"qb_status\": \"Active\",\r\n        \"approver_comments\": null,\r\n        \"comments\": null\r\n    },\r\n    {\r\n        \"id\": 59,\r\n        \"approver_id\": 0,\r\n        \"approver_notes\": \"\",\r\n        \"client_name\": \"wipro\",\r\n        \"createdby\": \"2361\",\r\n        \"createdate\": \"2023-02-20T12:13:59.443344\",\r\n        \"day_name\": \"Wednesday\",\r\n        \"day_status\": \"\",\r\n        \"day_status_hours\": null,\r\n        \"end_customer\": \"wipro\",\r\n        \"employee_name\": \"Vaishnavi bolliseti\",\r\n        \"history\": \"\",\r\n        \"month\": \"February\",\r\n        \"notes\": \"\",\r\n        \"name_of_employee\": \"Vaishnavi bolliseti\",\r\n        \"org_id\": 255,\r\n        \"ot_hours\": 0,\r\n        \"ot_minutes\": 0,\r\n        \"project_id\": 3021,\r\n        \"project_name\": \"Vaishnavi bolliseti-wipro\",\r\n        \"qb_timesheet_id\": 0,\r\n        \"regular_hours\": \"04\",\r\n        \"regular_minutes\": \"00\",\r\n        \"record_type_status\": \"Active\",\r\n        \"status\": \"submit\",\r\n        \"service_name\": \"\",\r\n        \"timesheet_date\": \"2023-02-15\",\r\n        \"user_id\": 2361,\r\n        \"updatedby\": \"Super Admin\",\r\n        \"updatedate\": \"2023-02-20T20:40:53.010193\",\r\n        \"week\": \"2023-02-13T00:00:00Z-2023-02-19T00:00:00Z\",\r\n        \"week_start_date\": \"2023-02-13\",\r\n        \"week_end_date\": \"2023-02-19\",\r\n        \"year\": \"2023\",\r\n        \"user_email\": \"vaishu@yopmail.com\",\r\n        \"absent_type\": null,\r\n        \"absent_hours\": 0,\r\n        \"absent_minutes\": 0,\r\n        \"client_manager_name\": \"sandeep siva\",\r\n        \"client_manager_email\": \"siva@yopmail.com\",\r\n        \"bill_rate\": null,\r\n        \"pay_rate\": null,\r\n        \"placement_code\": \"TS0007\",\r\n        \"qb_status\": \"Active\",\r\n        \"approver_comments\": null,\r\n        \"comments\": null\r\n    },\r\n    {\r\n        \"id\": 60,\r\n        \"approver_id\": 0,\r\n        \"approver_notes\": \"\",\r\n        \"client_name\": \"wipro\",\r\n        \"createdby\": \"2361\",\r\n        \"createdate\": \"2023-02-20T12:13:59.443344\",\r\n        \"day_name\": \"Thursday\",\r\n        \"day_status\": \"\",\r\n        \"day_status_hours\": null,\r\n        \"end_customer\": \"wipro\",\r\n        \"employee_name\": \"Vaishnavi bolliseti\",\r\n        \"history\": \"\",\r\n        \"month\": \"February\",\r\n        \"notes\": \"\",\r\n        \"name_of_employee\": \"Vaishnavi bolliseti\",\r\n        \"org_id\": 255,\r\n        \"ot_hours\": 0,\r\n        \"ot_minutes\": 0,\r\n        \"project_id\": 3021,\r\n        \"project_name\": \"Vaishnavi bolliseti-wipro\",\r\n        \"qb_timesheet_id\": 0,\r\n        \"regular_hours\": 0,\r\n        \"regular_minutes\": 0,\r\n        \"record_type_status\": \"Active\",\r\n        \"status\": \"submit\",\r\n        \"service_name\": \"\",\r\n        \"timesheet_date\": \"2023-02-16\",\r\n        \"user_id\": 2361,\r\n        \"updatedby\": \"Super Admin\",\r\n        \"updatedate\": \"2023-02-20T20:40:53.010193\",\r\n        \"week\": \"2023-02-13T00:00:00Z-2023-02-19T00:00:00Z\",\r\n        \"week_start_date\": \"2023-02-13\",\r\n        \"week_end_date\": \"2023-02-19\",\r\n        \"year\": \"2023\",\r\n        \"user_email\": \"vaishu@yopmail.com\",\r\n        \"absent_type\": null,\r\n        \"absent_hours\": 0,\r\n        \"absent_minutes\": 0,\r\n        \"client_manager_name\": \"sandeep siva\",\r\n        \"client_manager_email\": \"siva@yopmail.com\",\r\n        \"bill_rate\": null,\r\n        \"pay_rate\": null,\r\n        \"placement_code\": \"TS0007\",\r\n        \"qb_status\": \"Active\",\r\n        \"approver_comments\": null,\r\n        \"comments\": null\r\n    },\r\n    {\r\n        \"id\": 61,\r\n        \"approver_id\": 0,\r\n        \"approver_notes\": \"\",\r\n        \"client_name\": \"wipro\",\r\n        \"createdby\": \"2361\",\r\n        \"createdate\": \"2023-02-20T12:13:59.443344\",\r\n        \"day_name\": \"Friday\",\r\n        \"day_status\": \"\",\r\n        \"day_status_hours\": null,\r\n        \"end_customer\": \"wipro\",\r\n        \"employee_name\": \"Vaishnavi bolliseti\",\r\n        \"history\": \"\",\r\n        \"month\": \"February\",\r\n        \"notes\": \"\",\r\n        \"name_of_employee\": \"Vaishnavi bolliseti\",\r\n        \"org_id\": 255,\r\n        \"ot_hours\": 0,\r\n        \"ot_minutes\": 0,\r\n        \"project_id\": 3021,\r\n        \"project_name\": \"Vaishnavi bolliseti-wipro\",\r\n        \"qb_timesheet_id\": 0,\r\n        \"regular_hours\": 0,\r\n        \"regular_minutes\": 0,\r\n        \"record_type_status\": \"Active\",\r\n        \"status\": \"submit\",\r\n        \"service_name\": \"\",\r\n        \"timesheet_date\": \"2023-02-17\",\r\n        \"user_id\": 2361,\r\n        \"updatedby\": \"Super Admin\",\r\n        \"updatedate\": \"2023-02-20T20:40:53.010193\",\r\n        \"week\": \"2023-02-13T00:00:00Z-2023-02-19T00:00:00Z\",\r\n        \"week_start_date\": \"2023-02-13\",\r\n        \"week_end_date\": \"2023-02-19\",\r\n        \"year\": \"2023\",\r\n        \"user_email\": \"vaishu@yopmail.com\",\r\n        \"absent_type\": null,\r\n        \"absent_hours\": 0,\r\n        \"absent_minutes\": 0,\r\n        \"client_manager_name\": \"sandeep siva\",\r\n        \"client_manager_email\": \"siva@yopmail.com\",\r\n        \"bill_rate\": null,\r\n        \"pay_rate\": null,\r\n        \"placement_code\": \"TS0007\",\r\n        \"qb_status\": \"Active\",\r\n        \"approver_comments\": null,\r\n        \"comments\": null\r\n    },\r\n    {\r\n        \"id\": 62,\r\n        \"approver_id\": 0,\r\n        \"approver_notes\": \"\",\r\n        \"client_name\": \"wipro\",\r\n        \"createdby\": \"2361\",\r\n        \"createdate\": \"2023-02-20T12:13:59.443344\",\r\n        \"day_name\": \"Saturday\",\r\n        \"day_status\": \"\",\r\n        \"day_status_hours\": null,\r\n        \"end_customer\": \"wipro\",\r\n        \"employee_name\": \"Vaishnavi bolliseti\",\r\n        \"history\": \"\",\r\n        \"month\": \"February\",\r\n        \"notes\": \"\",\r\n        \"name_of_employee\": \"Vaishnavi bolliseti\",\r\n        \"org_id\": 255,\r\n        \"ot_hours\": 0,\r\n        \"ot_minutes\": 0,\r\n        \"project_id\": 3021,\r\n        \"project_name\": \"Vaishnavi bolliseti-wipro\",\r\n        \"qb_timesheet_id\": 0,\r\n        \"regular_hours\": 0,\r\n        \"regular_minutes\": 0,\r\n        \"record_type_status\": \"Active\",\r\n        \"status\": \"submit\",\r\n        \"service_name\": \"\",\r\n        \"timesheet_date\": \"2023-02-18\",\r\n        \"user_id\": 2361,\r\n        \"updatedby\": \"Super Admin\",\r\n        \"updatedate\": \"2023-02-20T20:40:53.010193\",\r\n        \"week\": \"2023-02-13T00:00:00Z-2023-02-19T00:00:00Z\",\r\n        \"week_start_date\": \"2023-02-13\",\r\n        \"week_end_date\": \"2023-02-19\",\r\n        \"year\": \"2023\",\r\n        \"user_email\": \"vaishu@yopmail.com\",\r\n        \"absent_type\": null,\r\n        \"absent_hours\": 0,\r\n        \"absent_minutes\": 0,\r\n        \"client_manager_name\": \"sandeep siva\",\r\n        \"client_manager_email\": \"siva@yopmail.com\",\r\n        \"bill_rate\": null,\r\n        \"pay_rate\": null,\r\n        \"placement_code\": \"TS0007\",\r\n        \"qb_status\": \"Active\",\r\n        \"approver_comments\": null,\r\n        \"comments\": null\r\n    },\r\n    {\r\n        \"id\": 63,\r\n        \"approver_id\": 0,\r\n        \"approver_notes\": \"\",\r\n        \"client_name\": \"wipro\",\r\n        \"createdby\": \"2361\",\r\n        \"createdate\": \"2023-02-20T12:13:59.443344\",\r\n        \"day_name\": \"Sunday\",\r\n        \"day_status\": \"\",\r\n        \"day_status_hours\": null,\r\n        \"end_customer\": \"wipro\",\r\n        \"employee_name\": \"Vaishnavi bolliseti\",\r\n        \"history\": \"\",\r\n        \"month\": \"February\",\r\n        \"notes\": \"\",\r\n        \"name_of_employee\": \"Vaishnavi bolliseti\",\r\n        \"org_id\": 255,\r\n        \"ot_hours\": 0,\r\n        \"ot_minutes\": 0,\r\n        \"project_id\": 3021,\r\n        \"project_name\": \"Vaishnavi bolliseti-wipro\",\r\n        \"qb_timesheet_id\": 0,\r\n        \"regular_hours\": 0,\r\n        \"regular_minutes\": 0,\r\n        \"record_type_status\": \"Active\",\r\n        \"status\": \"submit\",\r\n        \"service_name\": \"\",\r\n        \"timesheet_date\": \"2023-02-19\",\r\n        \"user_id\": 2361,\r\n        \"updatedby\": \"Super Admin\",\r\n        \"updatedate\": \"2023-02-20T20:40:53.010193\",\r\n        \"week\": \"2023-02-13T00:00:00Z-2023-02-19T00:00:00Z\",\r\n        \"week_start_date\": \"2023-02-13\",\r\n        \"week_end_date\": \"2023-02-19\",\r\n        \"year\": \"2023\",\r\n        \"user_email\": \"vaishu@yopmail.com\",\r\n        \"absent_type\": null,\r\n        \"absent_hours\": 0,\r\n        \"absent_minutes\": 0,\r\n        \"client_manager_name\": \"sandeep siva\",\r\n        \"client_manager_email\": \"siva@yopmail.com\",\r\n        \"bill_rate\": null,\r\n        \"pay_rate\": null,\r\n        \"placement_code\": \"TS0007\",\r\n        \"qb_status\": \"Active\",\r\n        \"approver_comments\": null,\r\n        \"comments\": null\r\n    }\r\n]",
					"options": {
						"raw": {
							"language": "json"
						}
					}
				},
				"url": "{{baseurl}}/api/v1/timeactivity/inserttimeactivity"
			},
			"response": []
		},
		{
			"name": "edittimeactivity",
			"request": {
				"auth": {
					"type": "bearer",
					"bearer": {
						"token": "{{token}}"
					}
				},
				"method": "PUT",
				"header": [],
				"body": {
					"mode": "raw",
					"raw": "{\r\n    \"id\":9,\r\n        \"approver_id\":15,\r\n        \"approver_notes\":\"This is app notes15\",\r\n        \"client_name\":\"MSR Group\",\r\n        \"day_status\":\"Active\",\r\n        \"day_status_hours\":\"8:00\",\r\n        \"end_customer\":\"Anil\",\r\n        \"employee_name\":\"Sonu\",\r\n        \"history\":\"his_note\",\r\n        \"notes\":\"nothing\",\r\n        \"name_of_employee\":\"Employee\",\r\n        \"org_id\":252,\r\n        \"ot_hours\":6,\r\n        \"ot_minutes\":23,\r\n        \"project_id\":1,\r\n        \"project_name\":\"timesheets\",\r\n        \"qb_timesheet_id\":1,\r\n        \"regular_hours\":8,\r\n        \"regular_minutes\":17,\r\n        \"record_type_status\":\"Active\",\r\n        \"status\":\"Submitted\",\r\n        \"service_name\":\"timesheet\",\r\n        \"timesheet_date\":\"2022-12-05\",\r\n        \"user_id\":2,\r\n        \"updatedby\":\"Super Admin\",\r\n        \"client_manager_email\": \"abc@xyz.com\",\r\n        \"client_manager_name\": \"abc\",\r\n        \"createdby\":\"Admin2\"\r\n}",
					"options": {
						"raw": {
							"language": "json"
						}
					}
				},
				"url": "{{baseurl}}/api/v1/timeactivity/edittimeactivity"
			},
			"response": []
		},
		{
			"name": "filtertimeactivity",
			"request": {
				"auth": {
					"type": "bearer",
					"bearer": {
						"token": "{{token}}"
					}
				},
				"method": "GET",
				"header": [],
				"url": {
					"raw": "{{baseurl}}/api/v1/timeactivity/filtertimeactivity?client_name=sandeep siva&status=submit",
					"host": [
						"{{baseurl}}"
					],
					"path": [
						"api",
						"v1",
						"timeactivity",
						"filtertimeactivity"
					],
					"query": [
						{
							"key": "client_name",
							"value": "sandeep siva"
						},
						{
							"key": "status",
							"value": "submit"
						},
						{
							"key": "pagenumber",
							"value": "1",
							"disabled": true
						},
						{
							"key": "pagesize",
							"value": "5",
							"disabled": true
						}
					]
				}
			},
			"response": []
		},
		{
			"name": "getemployeeprojects",
			"request": {
				"auth": {
					"type": "bearer",
					"bearer": {
						"token": "{{token}}"
					}
				},
				"method": "GET",
				"header": [],
				"url": {
					"raw": "{{baseurl}}/api/v1/timeactivity/getemployeeprojects",
					"host": [
						"{{baseurl}}"
					],
					"path": [
						"api",
						"v1",
						"timeactivity",
						"getemployeeprojects"
					],
					"query": [
						{
							"key": "email",
							"value": "vaishu@yopmail.com",
							"disabled": true
						}
					]
				}
			},
			"response": []
		},
		{
			"name": "getalltimeactivityweekwise",
			"request": {
				"auth": {
					"type": "bearer",
					"bearer": {
						"token": "{{token}}"
					}
				},
				"method": "GET",
				"header": [],
				"url": {
					"raw": "{{baseurl}}/api/v1/timeactivity/getalltimeactivityweekwise?month=02&year=2023",
					"host": [
						"{{baseurl}}"
					],
					"path": [
						"api",
						"v1",
						"timeactivity",
						"getalltimeactivityweekwise"
					],
					"query": [
						{
							"key": "month",
							"value": "02"
						},
						{
							"key": "year",
							"value": "2023"
						}
					]
				}
			},
			"response": []
		},
		{
			"name": "getalltimeactivitybyweek",
			"request": {
				"auth": {
					"type": "bearer",
					"bearer": {
						"token": "{{token}}"
					}
				},
				"method": "GET",
				"header": [],
				"url": {
					"raw": "{{baseurl}}/api/v1/timeactivity/getalltimeactivitybyweek?week=2023-01-06T00:00:00Z-2023-02-12T00:00:00Z",
					"host": [
						"{{baseurl}}"
					],
					"path": [
						"api",
						"v1",
						"timeactivity",
						"getalltimeactivitybyweek"
					],
					"query": [
						{
							"key": "week",
							"value": "2023-01-06T00:00:00Z-2023-02-12T00:00:00Z"
						}
					]
				}
			},
			"response": []
		},
		{
			"name": "getalltimeactivitybystatus",
			"request": {
				"auth": {
					"type": "bearer",
					"bearer": {
						"token": "{{token}}"
					}
				},
				"method": "GET",
				"header": [],
				"url": {
					"raw": "{{baseurl}}/api/v1/timeactivity/getalltimeactivitybystatus?status=submit",
					"host": [
						"{{baseurl}}"
					],
					"path": [
						"api",
						"v1",
						"timeactivity",
						"getalltimeactivitybystatus"
					],
					"query": [
						{
							"key": "status",
							"value": "submit"
						}
					]
				}
			},
			"response": []
		},
		{
			"name": "gethouroftimesheetstatus",
			"request": {
				"auth": {
					"type": "bearer",
					"bearer": {
						"token": "{{token}}"
					}
				},
				"method": "GET",
				"header": [],
				"url": "{{baseurl}}/api/v1/timeactivity/gethouroftimesheetstatus"
			},
			"response": []
		},
		{
			"name": "gettimesheetsbyempname",
			"request": {
				"auth": {
					"type": "bearer",
					"bearer": {
						"token": "{{token}}"
					}
				},
				"method": "GET",
				"header": [],
				"url": {
					"raw": "{{baseurl}}/api/v1/timeactivity/gettimesheetsbyempname?employee_name=Krishna Kishore&week=2022-12-12T00:00:00Z-2022-12-18T00:00:00Z",
					"host": [
						"{{baseurl}}"
					],
					"path": [
						"api",
						"v1",
						"timeactivity",
						"gettimesheetsbyempname"
					],
					"query": [
						{
							"key": "employee_name",
							"value": "Krishna Kishore"
						},
						{
							"key": "week",
							"value": "2022-12-12T00:00:00Z-2022-12-18T00:00:00Z"
						}
					]
				}
			},
			"response": []
		},
		{
			"name": "gettimesheetsbyprojectname",
			"request": {
				"auth": {
					"type": "bearer",
					"bearer": {
						"token": "{{token}}"
					}
				},
				"method": "GET",
				"header": [],
				"url": {
					"raw": "{{baseurl}}/api/v1/timeactivity/gettimesheetsbyprojectname?project_name=Krishna Kishore-Tcs&week=2022-12-12T00:00:00Z-2022-12-18T00:00:00Z",
					"host": [
						"{{baseurl}}"
					],
					"path": [
						"api",
						"v1",
						"timeactivity",
						"gettimesheetsbyprojectname"
					],
					"query": [
						{
							"key": "project_name",
							"value": "Krishna Kishore-Tcs"
						},
						{
							"key": "week",
							"value": "2022-12-12T00:00:00Z-2022-12-18T00:00:00Z"
						}
					]
				}
			},
			"response": []
		},
		{
			"name": "gettimesheetsbyyearandmonth",
			"request": {
				"auth": {
					"type": "bearer",
					"bearer": {
						"token": "{{token}}"
					}
				},
				"method": "GET",
				"header": [],
				"url": {
					"raw": "{{baseurl}}/api/v1/timeactivity/gettimesheetsbyyearandmonth?month=February&year=2023&employee_name=Vaishnavi bolliseti",
					"host": [
						"{{baseurl}}"
					],
					"path": [
						"api",
						"v1",
						"timeactivity",
						"gettimesheetsbyyearandmonth"
					],
					"query": [
						{
							"key": "month",
							"value": "February"
						},
						{
							"key": "year",
							"value": "2023"
						},
						{
							"key": "employee_name",
							"value": "Vaishnavi bolliseti"
						}
					]
				}
			},
			"response": []
		},
		{
			"name": "gethouroftimesheetstatusbyweek",
			"request": {
				"auth": {
					"type": "bearer",
					"bearer": {
						"token": "{{token}}"
					}
				},
				"method": "GET",
				"header": [],
				"url": {
					"raw": "{{baseurl}}/api/v1/timeactivity/gethouroftimesheetstatusbyweek?week=2023-01-30T00:00:00Z-2023-02-05T00:00:00Z",
					"host": [
						"{{baseurl}}"
					],
					"path": [
						"api",
						"v1",
						"timeactivity",
						"gethouroftimesheetstatusbyweek"
					],
					"query": [
						{
							"key": "week",
							"value": "2023-01-30T00:00:00Z-2023-02-05T00:00:00Z"
						}
					]
				}
			},
			"response": []
		},
		{
			"name": "getalltimeactivitybydate",
			"request": {
				"auth": {
					"type": "bearer",
					"bearer": {
						"token": "{{token}}"
					}
				},
				"method": "GET",
				"header": [],
				"url": {
					"raw": "{{baseurl}}/api/v1/timeactivity/getalltimeactivitybydate?date=2023-02-12",
					"host": [
						"{{baseurl}}"
					],
					"path": [
						"api",
						"v1",
						"timeactivity",
						"getalltimeactivitybydate"
					],
					"query": [
						{
							"key": "date",
							"value": "2023-02-12"
						}
					]
				}
			},
			"response": []
		},
		{
			"name": "insertalltimeactivity",
			"request": {
				"auth": {
					"type": "bearer",
					"bearer": {
						"token": "{{token}}"
					}
				},
				"method": "POST",
				"header": [],
				"body": {
					"mode": "raw",
					"raw": "[\r\n    [\r\n        {\r\n            \"id\": 1,\r\n            \"approver_id\": 0,\r\n            \"approver_notes\": \"Testing\",\r\n            \"client_name\": \"Wipro\",\r\n            \"createdby\": \"85541\",\r\n            \"day_name\": \"Monday\",\r\n            \"day_status\": \"1\",\r\n            \"day_status_hours\": \"08:00\",\r\n            \"end_customer\": \"Tcs\",\r\n            \"employee_name\": \"Krishna Kishore\",\r\n            \"history\": \"\",\r\n            \"month\": \"12\",\r\n            \"notes\": \"Testing from postman\",\r\n            \"name_of_employee\": \"Krishna Kishore\",\r\n            \"org_id\": 252,\r\n            \"ot_hours\": \"\",\r\n            \"ot_minutes\": \"00\",\r\n            \"project_id\": 2784,\r\n            \"project_name\": \"Krishna Kishore-Tcs\",\r\n            \"qb_timesheet_id\": \"\",\r\n            \"regular_hours\": \"08\",\r\n            \"regular_minutes\": \"00\",\r\n            \"record_type_status\": \"Active\",\r\n            \"status\": \"submit\",\r\n            \"service_name\": \"\",\r\n            \"timesheet_date\": \"2022-12-12\",\r\n            \"user_id\": 0,\r\n            \"updatedby\": \"Admin\",\r\n            \"week\": \"2022-12-12T00:00:00Z-2022-12-18T00:00:00Z\",\r\n            \"user_email\": \"kishorek@yopmail.com\",\r\n            \"week_start_date\": \"2022-12-12\",\r\n            \"week_end_date\": \"2022-12-18\",\r\n            \"year\": \"2022\",\r\n            \"client_manager_name\": \"Hari deep\",\r\n            \"client_manager_email\": \"harideep@yopmail.com\",\r\n            \"bill_rate\": 230,\r\n            \"pay_rate\": 100,\r\n            \"placement_code\": \"P_0001\",\r\n            \"absent_type\": \"2\",\r\n            \"absent_hours\": \"6\",\r\n            \"absent_minutes\": \"6\",\r\n            \"approver_comments\": \"testing\",\r\n            \"comments\": \"test\"\r\n        },\r\n        {\r\n            \"id\": 2,\r\n            \"approver_id\": 0,\r\n            \"approver_notes\": \"Testing\",\r\n            \"client_name\": \"Wipro\",\r\n            \"createdby\": \"85541\",\r\n            \"day_name\": \"Tuesday\",\r\n            \"day_status\": \"1\",\r\n            \"day_status_hours\": \"08:00\",\r\n            \"end_customer\": \"Tcs\",\r\n            \"employee_name\": \"Krishna Kishore\",\r\n            \"history\": \"\",\r\n            \"month\": \"12\",\r\n            \"notes\": \"Testing from postman\",\r\n            \"name_of_employee\": \"Krishna Kishore\",\r\n            \"org_id\": 252,\r\n            \"ot_hours\": \"\",\r\n            \"ot_minutes\": \"00\",\r\n            \"project_id\": 2784,\r\n            \"project_name\": \"Krishna Kishore-Tcs\",\r\n            \"qb_timesheet_id\": \"\",\r\n            \"regular_hours\": \"08\",\r\n            \"regular_minutes\": \"00\",\r\n            \"record_type_status\": \"Active\",\r\n            \"status\": \"submit\",\r\n            \"service_name\": \"\",\r\n            \"timesheet_date\": \"2022-12-13\",\r\n            \"user_id\": 0,\r\n            \"updatedby\": \"Admin\",\r\n            \"week\": \"2022-12-12T00:00:00Z-2022-12-18T00:00:00Z\",\r\n            \"user_email\": \"kishorek@yopmail.com\",\r\n            \"week_start_date\": \"2022-12-12\",\r\n            \"week_end_date\": \"2022-12-18\",\r\n            \"year\": \"2022\",\r\n            \"client_manager_name\": \"Hari deep\",\r\n            \"client_manager_email\": \"harideep@yopmail.com\",\r\n            \"bill_rate\": 230,\r\n            \"pay_rate\": 100,\r\n            \"placement_code\": \"P_0001\",\r\n            \"absent_type\": \"2\",\r\n            \"absent_hours\": \"\",\r\n            \"absent_minutes\": \"6\",\r\n            \"approver_comments\": \"testing\",\r\n            \"comments\": \"test\"\r\n        },\r\n        {\r\n            \"id\": 3,\r\n            \"approver_id\": 0,\r\n            \"approver_notes\": \"Testing\",\r\n            \"client_name\": \"Wipro\",\r\n            \"createdby\": \"85541\",\r\n            \"day_name\": \"Wednesday\",\r\n            \"day_status\": \"1\",\r\n            \"day_status_hours\": \"08:00\",\r\n            \"end_customer\": \"Tcs\",\r\n            \"employee_name\": \"Krishna Kishore\",\r\n            \"history\": \"\",\r\n            \"month\": \"12\",\r\n            \"notes\": \"Testing from postman\",\r\n            \"name_of_employee\": \"Krishna Kishore\",\r\n            \"org_id\": 252,\r\n            \"ot_hours\": \"\",\r\n            \"ot_minutes\": \"00\",\r\n            \"project_id\": 2784,\r\n            \"project_name\": \"Krishna Kishore-Tcs\",\r\n            \"qb_timesheet_id\": \"\",\r\n            \"regular_hours\": \"08\",\r\n            \"regular_minutes\": \"00\",\r\n            \"record_type_status\": \"Active\",\r\n            \"status\": \"submit\",\r\n            \"service_name\": \"\",\r\n            \"timesheet_date\": \"2022-12-14\",\r\n            \"user_id\": 0,\r\n            \"updatedby\": \"Admin\",\r\n            \"week\": \"2022-12-12T00:00:00Z-2022-12-18T00:00:00Z\",\r\n            \"user_email\": \"kishorek@yopmail.com\",\r\n            \"week_start_date\": \"2022-12-12\",\r\n            \"week_end_date\": \"2022-12-18\",\r\n            \"year\": \"2022\",\r\n            \"client_manager_name\": \"Hari deep\",\r\n            \"client_manager_email\": \"harideep@yopmail.com\",\r\n            \"bill_rate\": 230,\r\n            \"pay_rate\": 100,\r\n            \"placement_code\": \"P_0001\",\r\n            \"absent_type\": \"2\",\r\n            \"absent_hours\": \"\",\r\n            \"absent_minutes\": \"6\",\r\n            \"approver_comments\": \"testing\",\r\n            \"comments\": \"test\"\r\n        },\r\n        {\r\n            \"id\": 4,\r\n            \"approver_id\": 0,\r\n            \"approver_notes\": \"Testing\",\r\n            \"client_name\": \"Wipro\",\r\n            \"createdby\": \"85541\",\r\n            \"day_name\": \"Thursday\",\r\n            \"day_status\": \"1\",\r\n            \"day_status_hours\": \"08:00\",\r\n            \"end_customer\": \"Tcs\",\r\n            \"employee_name\": \"Krishna Kishore\",\r\n            \"history\": \"\",\r\n            \"month\": \"12\",\r\n            \"notes\": \"Testing from postman\",\r\n            \"name_of_employee\": \"Krishna Kishore\",\r\n            \"org_id\": 252,\r\n            \"ot_hours\": \"\",\r\n            \"ot_minutes\": \"00\",\r\n            \"project_id\": 2784,\r\n            \"project_name\": \"Krishna Kishore-Tcs\",\r\n            \"qb_timesheet_id\": \"\",\r\n            \"regular_hours\": \"08\",\r\n            \"regular_minutes\": \"00\",\r\n            \"record_type_status\": \"Active\",\r\n            \"status\": \"submit\",\r\n            \"service_name\": \"\",\r\n            \"timesheet_date\": \"2022-12-15\",\r\n            \"user_id\": 0,\r\n            \"updatedby\": \"Admin\",\r\n            \"week\": \"2022-12-12T00:00:00Z-2022-12-18T00:00:00Z\",\r\n            \"user_email\": \"kishorek@yopmail.com\",\r\n            \"week_start_date\": \"2022-12-12\",\r\n            \"week_end_date\": \"2022-12-18\",\r\n            \"year\": \"2022\",\r\n            \"client_manager_name\": \"Hari deep\",\r\n            \"client_manager_email\": \"harideep@yopmail.com\",\r\n            \"bill_rate\": 230,\r\n            \"pay_rate\": 100,\r\n            \"placement_code\": \"P_0001\",\r\n            \"absent_type\": \"2\",\r\n            \"absent_hours\": \"\",\r\n            \"absent_minutes\": \"6\",\r\n            \"approver_comments\": \"testing\",\r\n            \"comments\": \"test\"\r\n        },\r\n        {\r\n            \"id\": 5,\r\n            \"approver_id\": 0,\r\n            \"approver_notes\": \"Testing\",\r\n            \"client_name\": \"Wipro\",\r\n            \"createdby\": \"85541\",\r\n            \"day_name\": \"Friday\",\r\n            \"day_status\": \"1\",\r\n            \"day_status_hours\": \"08:00\",\r\n            \"end_customer\": \"Tcs\",\r\n            \"employee_name\": \"Krishna Kishore\",\r\n            \"history\": \"\",\r\n            \"month\": \"12\",\r\n            \"notes\": \"Testing from postman\",\r\n            \"name_of_employee\": \"Krishna Kishore\",\r\n            \"org_id\": 252,\r\n            \"ot_hours\": \"\",\r\n            \"ot_minutes\": \"00\",\r\n            \"project_id\": 2784,\r\n            \"project_name\": \"Krishna Kishore-Tcs\",\r\n            \"qb_timesheet_id\": \"\",\r\n            \"regular_hours\": \"08\",\r\n            \"regular_minutes\": \"00\",\r\n            \"record_type_status\": \"Active\",\r\n            \"status\": \"submit\",\r\n            \"service_name\": \"\",\r\n            \"timesheet_date\": \"2022-12-16\",\r\n            \"user_id\": 0,\r\n            \"updatedby\": \"Admin\",\r\n            \"week\": \"2022-12-12T00:00:00Z-2022-12-18T00:00:00Z\",\r\n            \"user_email\": \"kishorek@yopmail.com\",\r\n            \"week_start_date\": \"2022-12-12\",\r\n            \"week_end_date\": \"2022-12-18\",\r\n            \"year\": \"2022\",\r\n            \"client_manager_name\": \"Hari deep\",\r\n            \"client_manager_email\": \"harideep@yopmail.com\",\r\n            \"bill_rate\": 230,\r\n            \"pay_rate\": 100,\r\n            \"placement_code\": \"P_0001\",\r\n            \"absent_type\": \"2\",\r\n            \"absent_hours\": \"\",\r\n            \"absent_minutes\": \"6\",\r\n            \"approver_comments\": \"testing\",\r\n            \"comments\": \"test\"\r\n        },\r\n        {\r\n            \"id\": 6,\r\n            \"approver_id\": 0,\r\n            \"approver_notes\": \"Testing\",\r\n            \"client_name\": \"Wipro\",\r\n            \"createdby\": \"85541\",\r\n            \"day_name\": \"Saturday\",\r\n            \"day_status\": \"1\",\r\n            \"day_status_hours\": \"08:00\",\r\n            \"end_customer\": \"Tcs\",\r\n            \"employee_name\": \"Krishna Kishore\",\r\n            \"history\": \"\",\r\n            \"month\": \"12\",\r\n            \"notes\": \"Testing from postman\",\r\n            \"name_of_employee\": \"Krishna Kishore\",\r\n            \"org_id\": 252,\r\n            \"ot_hours\": \"\",\r\n            \"ot_minutes\": \"00\",\r\n            \"project_id\": 2784,\r\n            \"project_name\": \"Krishna Kishore-Tcs\",\r\n            \"qb_timesheet_id\": \"\",\r\n            \"regular_hours\": \"08\",\r\n            \"regular_minutes\": \"00\",\r\n            \"record_type_status\": \"Active\",\r\n            \"status\": \"submit\",\r\n            \"service_name\": \"\",\r\n            \"timesheet_date\": \"2022-12-17\",\r\n            \"user_id\": 0,\r\n            \"updatedby\": \"Admin\",\r\n            \"week\": \"2022-12-12T00:00:00Z-2022-12-18T00:00:00Z\",\r\n            \"user_email\": \"kishorek@yopmail.com\",\r\n            \"week_start_date\": \"2022-12-12\",\r\n            \"week_end_date\": \"2022-12-18\",\r\n            \"year\": \"2022\",\r\n            \"client_manager_name\": \"Hari deep\",\r\n            \"client_manager_email\": \"harideep@yopmail.com\",\r\n            \"bill_rate\": 230,\r\n            \"pay_rate\": 100,\r\n            \"placement_code\": \"P_0001\",\r\n            \"absent_type\": \"2\",\r\n            \"absent_hours\": \"\",\r\n            \"absent_minutes\": \"6\",\r\n            \"approver_comments\": \"testing\",\r\n            \"comments\": \"test\"\r\n        },\r\n        {\r\n            \"id\": 7,\r\n            \"approver_id\": 0,\r\n            \"approver_notes\": \"Testing\",\r\n            \"client_name\": \"Wipro\",\r\n            \"createdby\": \"85541\",\r\n            \"day_name\": \"Sunday\",\r\n            \"day_status\": \"1\",\r\n            \"day_status_hours\": \"08:00\",\r\n            \"end_customer\": \"Tcs\",\r\n            \"employee_name\": \"Krishna Kishore\",\r\n            \"history\": \"\",\r\n            \"month\": \"12\",\r\n            \"notes\": \"Testing from postman\",\r\n            \"name_of_employee\": \"Krishna Kishore\",\r\n            \"org_id\": 252,\r\n            \"ot_hours\": \"\",\r\n            \"ot_minutes\": \"00\",\r\n            \"project_id\": 2784,\r\n            \"project_name\": \"Krishna Kishore-Tcs\",\r\n            \"qb_timesheet_id\": \"\",\r\n            \"regular_hours\": \"08\",\r\n            \"regular_minutes\": \"00\",\r\n            \"record_type_status\": \"Active\",\r\n            \"status\": \"submit\",\r\n            \"service_name\": \"\",\r\n            \"timesheet_date\": \"2022-12-18\",\r\n            \"user_id\": 0,\r\n            \"updatedby\": \"Admin\",\r\n            \"week\": \"2022-12-12T00:00:00Z-2022-12-18T00:00:00Z\",\r\n            \"user_email\": \"kishorek@yopmail.com\",\r\n            \"week_start_date\": \"2022-12-12\",\r\n            \"week_end_date\": \"2022-12-18\",\r\n            \"year\": \"2022\",\r\n            \"client_manager_name\": \"Hari deep\",\r\n            \"client_manager_email\": \"harideep@yopmail.com\",\r\n            \"bill_rate\": 230,\r\n            \"pay_rate\": 100,\r\n            \"placement_code\": \"P_0001\",\r\n            \"absent_type\": \"2\",\r\n            \"absent_hours\": \"\",\r\n            \"absent_minutes\": \"6\",\r\n            \"approver_comments\": \"testing\",\r\n            \"comments\": \"test\"\r\n        }\r\n    ],\r\n    [\r\n        {\r\n            \"id\": 8,\r\n            \"approver_id\": 0,\r\n            \"approver_notes\": \"Testing\",\r\n            \"client_name\": \"Thermofisher\",\r\n            \"createdby\": \"85541\",\r\n            \"day_name\": \"Monday\",\r\n            \"day_status\": \"1\",\r\n            \"day_status_hours\": \"08:00\",\r\n            \"end_customer\": \"Thermofisher\",\r\n            \"employee_name\": \"Krishna Kishore\",\r\n            \"history\": \"\",\r\n            \"month\": \"12\",\r\n            \"notes\": \"Testing from postman\",\r\n            \"name_of_employee\": \"Krishna Kishore\",\r\n            \"org_id\": 252,\r\n            \"ot_hours\": \"\",\r\n            \"ot_minutes\": \"00\",\r\n            \"project_id\": 2781,\r\n            \"project_name\": \"Krishna Kishore-Thermofisher\",\r\n            \"qb_timesheet_id\": \"\",\r\n            \"regular_hours\": \"08\",\r\n            \"regular_minutes\": \"00\",\r\n            \"record_type_status\": \"Active\",\r\n            \"status\": \"submit\",\r\n            \"service_name\": \"\",\r\n            \"timesheet_date\": \"2022-12-12\",\r\n            \"user_id\": 0,\r\n            \"updatedby\": \"Admin\",\r\n            \"week\": \"2022-12-12T00:00:00Z-2022-12-18T00:00:00Z\",\r\n            \"user_email\": \"kishorek@yopmail.com\",\r\n            \"week_start_date\": \"2022-12-12\",\r\n            \"week_end_date\": \"2022-12-18\",\r\n            \"year\": \"2022\",\r\n            \"client_manager_name\": \"Hari deep\",\r\n            \"client_manager_email\": \"harideep@yopmail.com\",\r\n            \"bill_rate\": 230,\r\n            \"pay_rate\": 100,\r\n            \"placement_code\": \"P_0001\",\r\n            \"absent_type\": \"2\",\r\n            \"absent_hours\": \"\",\r\n            \"absent_minutes\": \"6\",\r\n            \"approver_comments\": \"testing\",\r\n            \"comments\": \"test\"\r\n        },\r\n        {\r\n            \"id\": 9,\r\n            \"approver_id\": 0,\r\n            \"approver_notes\": \"Testing\",\r\n            \"client_name\": \"Thermofisher\",\r\n            \"createdby\": \"85541\",\r\n            \"day_name\": \"Tuesday\",\r\n            \"day_status\": \"1\",\r\n            \"day_status_hours\": \"08:00\",\r\n            \"end_customer\": \"Thermofisher\",\r\n            \"employee_name\": \"Krishna Kishore\",\r\n            \"history\": \"\",\r\n            \"month\": \"12\",\r\n            \"notes\": \"Testing from postman\",\r\n            \"name_of_employee\": \"Krishna Kishore\",\r\n            \"org_id\": 252,\r\n            \"ot_hours\": \"\",\r\n            \"ot_minutes\": \"00\",\r\n            \"project_id\": 2781,\r\n            \"project_name\": \"Krishna Kishore-Thermofisher\",\r\n            \"qb_timesheet_id\": \"\",\r\n            \"regular_hours\": \"08\",\r\n            \"regular_minutes\": \"00\",\r\n            \"record_type_status\": \"Active\",\r\n            \"status\": \"submit\",\r\n            \"service_name\": \"\",\r\n            \"timesheet_date\": \"2022-12-13\",\r\n            \"user_id\": 0,\r\n            \"updatedby\": \"Admin\",\r\n            \"week\": \"2022-12-12T00:00:00Z-2022-12-18T00:00:00Z\",\r\n            \"user_email\": \"kishorek@yopmail.com\",\r\n            \"week_start_date\": \"2022-12-12\",\r\n            \"week_end_date\": \"2022-12-18\",\r\n            \"year\": \"2022\",\r\n            \"client_manager_name\": \"Hari deep\",\r\n            \"client_manager_email\": \"harideep@yopmail.com\",\r\n            \"bill_rate\": 230,\r\n            \"pay_rate\": 100,\r\n            \"placement_code\": \"P_0001\",\r\n            \"absent_type\": \"2\",\r\n            \"absent_hours\": \"\",\r\n            \"absent_minutes\": \"6\",\r\n            \"approver_comments\": \"testing\",\r\n            \"comments\": \"test\"\r\n        },\r\n        {\r\n            \"id\": 10,\r\n            \"approver_id\": 0,\r\n            \"approver_notes\": \"Testing\",\r\n            \"client_name\": \"Thermofisher\",\r\n            \"createdby\": \"85541\",\r\n            \"day_name\": \"Wednesday\",\r\n            \"day_status\": \"1\",\r\n            \"day_status_hours\": \"08:00\",\r\n            \"end_customer\": \"Thermofisher\",\r\n            \"employee_name\": \"Krishna Kishore\",\r\n            \"history\": \"\",\r\n            \"month\": \"12\",\r\n            \"notes\": \"Testing from postman\",\r\n            \"name_of_employee\": \"Krishna Kishore\",\r\n            \"org_id\": 252,\r\n            \"ot_hours\": \"\",\r\n            \"ot_minutes\": \"00\",\r\n            \"project_id\": 2781,\r\n            \"project_name\": \"Krishna Kishore-Thermofisher\",\r\n            \"qb_timesheet_id\": \"\",\r\n            \"regular_hours\": \"08\",\r\n            \"regular_minutes\": \"00\",\r\n            \"record_type_status\": \"Active\",\r\n            \"status\": \"submit\",\r\n            \"service_name\": \"\",\r\n            \"timesheet_date\": \"2022-12-14\",\r\n            \"user_id\": 0,\r\n            \"updatedby\": \"Admin\",\r\n            \"week\": \"2022-12-12T00:00:00Z-2022-12-18T00:00:00Z\",\r\n            \"user_email\": \"kishorek@yopmail.com\",\r\n            \"week_start_date\": \"2022-12-12\",\r\n            \"week_end_date\": \"2022-12-18\",\r\n            \"year\": \"2022\",\r\n            \"client_manager_name\": \"Hari deep\",\r\n            \"client_manager_email\": \"harideep@yopmail.com\",\r\n            \"bill_rate\": 230,\r\n            \"pay_rate\": 100,\r\n            \"placement_code\": \"P_0001\",\r\n            \"absent_type\": \"2\",\r\n            \"absent_hours\": \"\",\r\n            \"absent_minutes\": \"6\",\r\n            \"approver_comments\": \"testing\",\r\n            \"comments\": \"test\"\r\n        },\r\n        {\r\n            \"id\": 11,\r\n            \"approver_id\": 0,\r\n            \"approver_notes\": \"Testing\",\r\n            \"client_name\": \"Thermofisher\",\r\n            \"createdby\": \"85541\",\r\n            \"day_name\": \"Thursday\",\r\n            \"day_status\": \"1\",\r\n            \"day_status_hours\": \"08:00\",\r\n            \"end_customer\": \"Thermofisher\",\r\n            \"employee_name\": \"Krishna Kishore\",\r\n            \"history\": \"\",\r\n            \"month\": \"12\",\r\n            \"notes\": \"Testing from postman\",\r\n            \"name_of_employee\": \"Krishna Kishore\",\r\n            \"org_id\": 252,\r\n            \"ot_hours\": \"\",\r\n            \"ot_minutes\": \"00\",\r\n            \"project_id\": 2781,\r\n            \"project_name\": \"Krishna Kishore-Thermofisher\",\r\n            \"qb_timesheet_id\": \"\",\r\n            \"regular_hours\": \"08\",\r\n            \"regular_minutes\": \"00\",\r\n            \"record_type_status\": \"Active\",\r\n            \"status\": \"submit\",\r\n            \"service_name\": \"\",\r\n            \"timesheet_date\": \"2022-12-15\",\r\n            \"user_id\": 0,\r\n            \"updatedby\": \"Admin\",\r\n            \"week\": \"2022-12-12T00:00:00Z-2022-12-18T00:00:00Z\",\r\n            \"user_email\": \"kishorek@yopmail.com\",\r\n            \"week_start_date\": \"2022-12-12\",\r\n            \"week_end_date\": \"2022-12-18\",\r\n            \"year\": \"2022\",\r\n            \"client_manager_name\": \"Hari deep\",\r\n            \"client_manager_email\": \"harideep@yopmail.com\",\r\n            \"bill_rate\": 230,\r\n            \"pay_rate\": 100,\r\n            \"placement_code\": \"P_0001\",\r\n            \"absent_type\": \"2\",\r\n            \"absent_hours\": \"\",\r\n            \"absent_minutes\": \"6\",\r\n            \"approver_comments\": \"testing\",\r\n            \"comments\": \"test\"\r\n        },\r\n        {\r\n            \"id\": 12,\r\n            \"approver_id\": 0,\r\n            \"approver_notes\": \"Testing\",\r\n            \"client_name\": \"Thermofisher\",\r\n            \"createdby\": \"85541\",\r\n            \"day_name\": \"Friday\",\r\n            \"day_status\": \"1\",\r\n            \"day_status_hours\": \"08:00\",\r\n            \"end_customer\": \"Thermofisher\",\r\n            \"employee_name\": \"Krishna Kishore\",\r\n            \"history\": \"\",\r\n            \"month\": \"12\",\r\n            \"notes\": \"Testing from postman\",\r\n            \"name_of_employee\": \"Krishna Kishore\",\r\n            \"org_id\": 252,\r\n            \"ot_hours\": \"\",\r\n            \"ot_minutes\": \"00\",\r\n            \"project_id\": 2781,\r\n            \"project_name\": \"Krishna Kishore-Thermofisher\",\r\n            \"qb_timesheet_id\": \"\",\r\n            \"regular_hours\": \"08\",\r\n            \"regular_minutes\": \"00\",\r\n            \"record_type_status\": \"Active\",\r\n            \"status\": \"submit\",\r\n            \"service_name\": \"\",\r\n            \"timesheet_date\": \"2022-12-16\",\r\n            \"user_id\": 0,\r\n            \"updatedby\": \"Admin\",\r\n            \"week\": \"2022-12-12T00:00:00Z-2022-12-18T00:00:00Z\",\r\n            \"user_email\": \"kishorek@yopmail.com\",\r\n            \"week_start_date\": \"2022-12-12\",\r\n            \"week_end_date\": \"2022-12-18\",\r\n            \"year\": \"2022\",\r\n            \"client_manager_name\": \"Hari deep\",\r\n            \"client_manager_email\": \"harideep@yopmail.com\",\r\n            \"bill_rate\": 230,\r\n            \"pay_rate\": 100,\r\n            \"placement_code\": \"P_0001\",\r\n            \"absent_type\": \"2\",\r\n            \"absent_hours\": \"\",\r\n            \"absent_minutes\": \"6\",\r\n            \"approver_comments\": \"testing\",\r\n            \"comments\": \"test\"\r\n        },\r\n        {\r\n            \"id\": 13,\r\n            \"approver_id\": 0,\r\n            \"approver_notes\": \"Testing\",\r\n            \"client_name\": \"Thermofisher\",\r\n            \"createdby\": \"85541\",\r\n            \"day_name\": \"Saturday\",\r\n            \"day_status\": \"1\",\r\n            \"day_status_hours\": \"08:00\",\r\n            \"end_customer\": \"Thermofisher\",\r\n            \"employee_name\": \"Krishna Kishore\",\r\n            \"history\": \"\",\r\n            \"month\": \"12\",\r\n            \"notes\": \"Testing from postman\",\r\n            \"name_of_employee\": \"Krishna Kishore\",\r\n            \"org_id\": 252,\r\n            \"ot_hours\": \"\",\r\n            \"ot_minutes\": \"00\",\r\n            \"project_id\": 2781,\r\n            \"project_name\": \"Krishna Kishore-Thermofisher\",\r\n            \"qb_timesheet_id\": \"\",\r\n            \"regular_hours\": \"08\",\r\n            \"regular_minutes\": \"00\",\r\n            \"record_type_status\": \"Active\",\r\n            \"status\": \"submit\",\r\n            \"service_name\": \"\",\r\n            \"timesheet_date\": \"2022-12-17\",\r\n            \"user_id\": 0,\r\n            \"updatedby\": \"Admin\",\r\n            \"week\": \"2022-12-12T00:00:00Z-2022-12-18T00:00:00Z\",\r\n            \"user_email\": \"kishorek@yopmail.com\",\r\n            \"week_start_date\": \"2022-12-12\",\r\n            \"week_end_date\": \"2022-12-18\",\r\n            \"year\": \"2022\",\r\n            \"client_manager_name\": \"Hari deep\",\r\n            \"client_manager_email\": \"harideep@yopmail.com\",\r\n            \"bill_rate\": 230,\r\n            \"pay_rate\": 100,\r\n            \"placement_code\": \"P_0001\",\r\n            \"absent_type\": \"2\",\r\n            \"absent_hours\": \"\",\r\n            \"absent_minutes\": \"6\",\r\n            \"approver_comments\": \"testing\",\r\n            \"comments\": \"test\"\r\n        },\r\n        {\r\n            \"id\": 14,\r\n            \"approver_id\": 0,\r\n            \"approver_notes\": \"Testing\",\r\n            \"client_name\": \"Thermofisher\",\r\n            \"createdby\": \"85541\",\r\n            \"day_name\": \"Sunday\",\r\n            \"day_status\": \"1\",\r\n            \"day_status_hours\": \"08:00\",\r\n            \"end_customer\": \"Thermofisher\",\r\n            \"employee_name\": \"Krishna Kishore\",\r\n            \"history\": \"\",\r\n            \"month\": \"12\",\r\n            \"notes\": \"Testing from postman\",\r\n            \"name_of_employee\": \"Krishna Kishore\",\r\n            \"org_id\": 252,\r\n            \"ot_hours\": \"\",\r\n            \"ot_minutes\": \"00\",\r\n            \"project_id\": 2781,\r\n            \"project_name\": \"Krishna Kishore-Thermofisher\",\r\n            \"qb_timesheet_id\": \"\",\r\n            \"regular_hours\": \"08\",\r\n            \"regular_minutes\": \"00\",\r\n            \"record_type_status\": \"Active\",\r\n            \"status\": \"submit\",\r\n            \"service_name\": \"\",\r\n            \"timesheet_date\": \"2022-12-18\",\r\n            \"user_id\": 0,\r\n            \"updatedby\": \"Admin\",\r\n            \"week\": \"2022-12-12T00:00:00Z-2022-12-18T00:00:00Z\",\r\n            \"user_email\": \"kishorek@yopmail.com\",\r\n            \"week_start_date\": \"2022-12-12\",\r\n            \"week_end_date\": \"2022-12-18\",\r\n            \"year\": \"2022\",\r\n            \"client_manager_name\": \"Hari deep\",\r\n            \"client_manager_email\": \"harideep@yopmail.com\",\r\n            \"bill_rate\": 230,\r\n            \"pay_rate\": 100,\r\n            \"placement_code\": \"P_0001\",\r\n            \"absent_type\": \"2\",\r\n            \"absent_hours\": \"\",\r\n            \"absent_minutes\": \"6\",\r\n            \"approver_comments\": \"testing\",\r\n            \"comments\": \"test\"\r\n        }\r\n    ]\r\n]",
					"options": {
						"raw": {
							"language": "json"
						}
					}
				},
				"url": "{{baseurl}}/api/v1/timeactivity/insertalltimeactivity"
			},
			"response": []
		},
		{
			"name": "inserttimesheets",
			"request": {
				"auth": {
					"type": "bearer",
					"bearer": {
						"token": "{{token}}"
					}
				},
				"method": "POST",
				"header": [],
				"body": {
					"mode": "raw",
					"raw": "{\r\n    \"approver_id\":1,\r\n    \"approver_notes\":\"This is approver notes\",\r\n    \"client_name\":\"TCS\",\r\n    \"createdby\":\"Admin\",\r\n    \"day_name\":\"Wednesday\",\r\n    \"day_status\":\"Progress\",\r\n    \"day_status_hours\":\"50\",\r\n    \"end_customer\":\"Wipro\",\r\n    \"employee_name\":\"Anil kolli\",\r\n    \"history\":\"H-1\",\r\n    \"notes\":\"Per day notes\",\r\n    \"name_of_employee\":\"Anil\",\r\n    \"org_id\":252,\r\n    \"ot_hours\":6,\r\n    \"ot_minutes\":10,\r\n    \"project_id\":1,\r\n    \"project_name\":\"Anil kolli-TCS\",\r\n    \"qb_timesheet_id\":1,\r\n    \"regular_hours\":8,\r\n    \"regular_minutes\":10,\r\n    \"record_type_status\":\"Active\",\r\n    \"status\":\"Active\",\r\n    \"service_name\":\"SN\",\r\n    \"timesheet_date\":\"2023-03-15\",\r\n    \"user_id\":1,\r\n    \"user_email\":\"anil@gmail.com\",\r\n    \"absent_type\":2,\r\n    \"absent_hours\":5,\r\n    \"absent_minutes\":4,\r\n    \"client_manager_name\":\"Hari Deep\",\r\n    \"client_manager_email\":\"harideep@yopmail.com\",\r\n    \"bill_rate\":10.50,\r\n    \"pay_rate\":5.40,\r\n    \"placement_code\":\"Accounting00011\",\r\n    \"qb_status\":\"Active\"\r\n}",
					"options": {
						"raw": {
							"language": "json"
						}
					}
				},
				"url": "localhost:8899/api/v1/timeactivity/inserttimesheets"
			},
			"response": []
		},
		{
			"name": "get_multiple_comment",
			"request": {
				"auth": {
					"type": "bearer",
					"bearer": {
						"token": "{{token}}"
					}
				},
				"method": "GET",
				"header": [],
				"url": {
					"raw": "{{baseurl}}/api/v1/timeactivity/get_multiple_comment?project_id=3023&timesheet_date=2023-02-06",
					"host": [
						"{{baseurl}}"
					],
					"path": [
						"api",
						"v1",
						"timeactivity",
						"get_multiple_comment"
					],
					"query": [
						{
							"key": "project_id",
							"value": "3023"
						},
						{
							"key": "timesheet_date",
							"value": "2023-02-06"
						}
					]
				}
			},
			"response": []
		},
		{
			"name": "sendstatusemail",
			"protocolProfileBehavior": {
				"disableBodyPruning": true
			},
			"request": {
				"auth": {
					"type": "bearer",
					"bearer": {
						"token": "{{token}}"
					}
				},
				"method": "GET",
				"header": [],
				"body": {
					"mode": "raw",
					"raw": "{\r\n  \"absent_hours\": \"00\",\r\n  \"absent_minutes\": \"00\",\r\n  \"absent_type\": null,\r\n  \"approver_comments\": null,\r\n  \"approver_id\": 0,\r\n  \"approver_notes\": \"\",\r\n  \"bill_rate\": 40.22,\r\n  \"client_manager_email\": \"dhanalakshmi@msr-it.com\",\r\n  \"client_manager_name\": \"sandeep siva\",\r\n  \"client_name\": \"wipro\",\r\n  \"comments\": \"hi please approve\",\r\n  \"createdate\": \"2023-02-23T10:17:20.057882\",\r\n  \"createdby\": \"2361\",\r\n  \"day_name\": \"Monday\",\r\n  \"day_status\": \"\",\r\n  \"day_status_hours\": null,\r\n  \"employee_name\": \"Vaishnavi bolliseti\",\r\n  \"end_customer\": \"wipro\",\r\n  \"history\": \"\",\r\n  \"id\": 29,\r\n  \"month\": \"February\",\r\n  \"name_of_employee\": \"Vaishnavi bolliseti\",\r\n  \"notes\": \"Please resubmit again\",\r\n  \"org_id\": 255,\r\n  \"ot_hours\": \"00\",\r\n  \"ot_minutes\": \"00\",\r\n  \"pay_rate\": 20.22,\r\n  \"placement_code\": \"TS0007\",\r\n  \"project_id\": 3021,\r\n  \"project_name\": \"Vaishnavi bolliseti-wipro\",\r\n  \"qb_status\": \"Active\",\r\n  \"qb_timesheet_id\": 0,\r\n  \"record_type_status\": \"Active\",\r\n  \"regular_hours\": \"01\",\r\n  \"regular_minutes\": \"00\",\r\n  \"service_name\": \"\",\r\n  \"status\": \"submit\",\r\n  \"timesheet_date\": \"2023-02-20\",\r\n  \"updatedate\": \"2023-02-23T11:26:55.700671\",\r\n  \"updatedby\": \"Super Admin\",\r\n  \"user_email\": \"dhanalakshmi@msr-it.com\",\r\n  \"user_id\": 2361,\r\n  \"week\": \"2023-02-20T00:00:00Z-2023-02-26T00:00:00Z\",\r\n  \"week_end_date\": \"2023-02-26\",\r\n  \"week_start_date\": \"2023-02-20\",\r\n  \"week_status\": \"Rejected\",\r\n  \"year\": \"2023\"\r\n}\r\n",
					"options": {
						"raw": {
							"language": "json"
						}
					}
				},
				"url": "{{baseurl}}/api/v1/timeactivity/sendstatusemail"
			},
			"response": []
		}
	]
}