{
	"info": {
		"_postman_id": "b868afca-00af-4213-b3ec-132143f56bdd",
		"name": "Timesheet Comments",
		"schema": "https://schema.getpostman.com/json/collection/v2.0.0/collection.json",
		"_exporter_id": "23389875",
		"_collection_link": "https://msr-cosmos.postman.co/workspace/Timesheet~24d1fdf5-23b1-4123-8405-c20ac5a1bdef/collection/25371995-b868afca-00af-4213-b3ec-132143f56bdd?action=share&source=collection_link&creator=23389875"
	},
	"item": [
		{
			"name": "insert_comment",
			"request": {
				"auth": {
					"type": "bearer",
					"bearer": {
						"token": "{{token}}"
					}
				},
				"method": "POST",
				"header": [],
				"body": {
					"mode": "formdata",
					"formdata": [
						{
							"key": "comment_type",
							"value": "1",
							"description": "//1=week wise comment, 2= day wise comment",
							"type": "text"
						},
						{
							"key": "user_type",
							"value": "1",
							"description": " // 1=consultant, 2= approver",
							"type": "text"
						},
						{
							"key": "user_id",
							"value": "26",
							"description": "// id from user_data object received at the time of token generation",
							"type": "text"
						},
						{
							"key": "comments",
							"value": "comment from postman",
							"type": "text"
						},
						{
							"key": "project_id",
							"value": "3023",
							"type": "text"
						},
						{
							"key": "week_start_date",
							"value": "2023-01-02",
							"type": "text"
						},
						{
							"key": "week_end_date",
							"value": "2023-01-08",
							"type": "text"
						}
					]
				},
				"url": "{{baseurl}}/api/v1/timesheet_comments/insert_comment"
			},
			"response": []
		},
		{
			"name": "get_comments_by_week_and_project",
			"request": {
				"auth": {
					"type": "bearer",
					"bearer": {
						"token": "{{token}}"
					}
				},
				"method": "GET",
				"header": [],
				"url": {
					"raw": "{{baseurl}}/api/v1/timesheet_comments/get_comments_by_week_and_project?week_start_date=2023-03-06&week_end_date=2023-03-12&project_id=68",
					"host": [
						"{{baseurl}}"
					],
					"path": [
						"api",
						"v1",
						"timesheet_comments",
						"get_comments_by_week_and_project"
					],
					"query": [
						{
							"key": "week_start_date",
							"value": "2023-03-06"
						},
						{
							"key": "week_end_date",
							"value": "2023-03-12"
						},
						{
							"key": "project_id",
							"value": "68"
						}
					]
				}
			},
			"response": []
		},
		{
			"name": "delete_comment",
			"request": {
				"auth": {
					"type": "bearer",
					"bearer": {
						"token": "{{token}}"
					}
				},
				"method": "PUT",
				"header": [],
				"body": {
					"mode": "formdata",
					"formdata": [
						{
							"key": "id",
							"value": "1",
							"type": "text"
						}
					]
				},
				"url": "{{baseurl}}/api/v1/timesheet_comments/delete_comment"
			},
			"response": []
		}
	]
}