{
	"info": {
		"_postman_id": "3583af45-0f12-4660-9939-b53bed417764",
		"name": "timehistory",
		"schema": "https://schema.getpostman.com/json/collection/v2.0.0/collection.json",
		"_exporter_id": "23389875",
		"_collection_link": "https://msr-cosmos.postman.co/workspace/Timesheet~24d1fdf5-23b1-4123-8405-c20ac5a1bdef/collection/16844087-3583af45-0f12-4660-9939-b53bed417764?action=share&source=collection_link&creator=23389875"
	},
	"item": [
		{
			"name": "getalltimehistory",
			"request": {
				"auth": {
					"type": "bearer",
					"bearer": {
						"token": "{{token}}"
					}
				},
				"method": "GET",
				"header": [],
				"url": "{{baseurl}}/api/v1/timeactivity/getalltimehistory"
			},
			"response": []
		},
		{
			"name": "gettimesheethistoryperday",
			"request": {
				"auth": {
					"type": "bearer",
					"bearer": {
						"token": "{{token}}"
					}
				},
				"method": "GET",
				"header": [],
				"url": {
					"raw": "{{baseurl}}/api/v1/timeactivity/gettimesheethistoryperday?project_name=Krishna Kishore-Tcs&timesheet_date=2023-01-09",
					"host": [
						"{{baseurl}}"
					],
					"path": [
						"api",
						"v1",
						"timeactivity",
						"gettimesheethistoryperday"
					],
					"query": [
						{
							"key": "project_name",
							"value": "Krishna Kishore-Tcs"
						},
						{
							"key": "timesheet_date",
							"value": "2023-01-09"
						}
					]
				}
			},
			"response": []
		},
		{
			"name": "gettimesheethistorybyweekandproject",
			"request": {
				"auth": {
					"type": "bearer",
					"bearer": {
						"token": "{{token}}"
					}
				},
				"method": "GET",
				"header": [],
				"url": {
					"raw": "{{baseurl}}/api/v1/timeactivity/gettimesheethistorybyweekandproject?week=2023-01-02T00:00:00Z-2023-01-08T00:00:00Z&project_name=Krishna Kishore-Thermofisher",
					"host": [
						"{{baseurl}}"
					],
					"path": [
						"api",
						"v1",
						"timeactivity",
						"gettimesheethistorybyweekandproject"
					],
					"query": [
						{
							"key": "week",
							"value": "2023-01-02T00:00:00Z-2023-01-08T00:00:00Z"
						},
						{
							"key": "project_name",
							"value": "Krishna Kishore-Thermofisher"
						}
					]
				}
			},
			"response": []
		},
		{
			"name": "getapprovertimesheethistorybyweek",
			"request": {
				"auth": {
					"type": "bearer",
					"bearer": {
						"token": "{{token}}"
					}
				},
				"method": "GET",
				"header": [],
				"url": {
					"raw": "{{baseurl}}/api/v1/timeactivity/getapprovertimesheethistorybyweek?week=2023-01-02T00:00:00Z-2023-01-08T00:00:00Z&project_name=Krishna Kishore-Thermofisher&employee_name=Krishna Kishore",
					"host": [
						"{{baseurl}}"
					],
					"path": [
						"api",
						"v1",
						"timeactivity",
						"getapprovertimesheethistorybyweek"
					],
					"query": [
						{
							"key": "week",
							"value": "2023-01-02T00:00:00Z-2023-01-08T00:00:00Z"
						},
						{
							"key": "project_name",
							"value": "Krishna Kishore-Thermofisher"
						},
						{
							"key": "employee_name",
							"value": "Krishna Kishore"
						}
					]
				}
			},
			"response": []
		},
		{
			"name": "gettimesheetstatusbyweekandproject",
			"request": {
				"auth": {
					"type": "bearer",
					"bearer": {
						"token": "{{token}}"
					}
				},
				"method": "GET",
				"header": [],
				"url": {
					"raw": "{{baseurl}}/api/v1/timeactivity/gettimesheetstatusbyweekandproject?week=2023-01-02T00:00:00Z-2023-01-08T00:00:00Z&project_name=Krishna Kishore-Thermofisher",
					"host": [
						"{{baseurl}}"
					],
					"path": [
						"api",
						"v1",
						"timeactivity",
						"gettimesheetstatusbyweekandproject"
					],
					"query": [
						{
							"key": "week",
							"value": "2023-01-02T00:00:00Z-2023-01-08T00:00:00Z"
						},
						{
							"key": "project_name",
							"value": "Krishna Kishore-Thermofisher"
						}
					]
				}
			},
			"response": []
		},
		{
			"name": "getapprovertimesheetstatusbyweek",
			"request": {
				"auth": {
					"type": "bearer",
					"bearer": {
						"token": "{{token}}"
					}
				},
				"method": "GET",
				"header": [],
				"url": {
					"raw": "{{baseurl}}/api/v1/timeactivity/getapprovertimesheetstatusbyweek?week=2023-01-02T00:00:00Z-2023-01-08T00:00:00Z&project_name=Krishna Kishore-Thermofisher&employee_name=Krishna Kishore",
					"host": [
						"{{baseurl}}"
					],
					"path": [
						"api",
						"v1",
						"timeactivity",
						"getapprovertimesheetstatusbyweek"
					],
					"query": [
						{
							"key": "week",
							"value": "2023-01-02T00:00:00Z-2023-01-08T00:00:00Z"
						},
						{
							"key": "project_name",
							"value": "Krishna Kishore-Thermofisher"
						},
						{
							"key": "employee_name",
							"value": "Krishna Kishore"
						}
					]
				}
			},
			"response": []
		},
		{
			"name": "getapprovertimesheethistoryperday",
			"request": {
				"auth": {
					"type": "bearer",
					"bearer": {
						"token": "{{token}}"
					}
				},
				"method": "GET",
				"header": [],
				"url": {
					"raw": "{{baseurl}}/api/v1/timeactivity/getapprovertimesheethistoryperday?project_name=Krishna Kishore-Tcs&timesheet_date=2023-01-04&employee_name=Krishna Kishore",
					"host": [
						"{{baseurl}}"
					],
					"path": [
						"api",
						"v1",
						"timeactivity",
						"getapprovertimesheethistoryperday"
					],
					"query": [
						{
							"key": "project_name",
							"value": "Krishna Kishore-Tcs"
						},
						{
							"key": "timesheet_date",
							"value": "2023-01-04"
						},
						{
							"key": "employee_name",
							"value": "Krishna Kishore"
						}
					]
				}
			},
			"response": []
		},
		{
			"name": "gettimesheetstatusperday",
			"request": {
				"auth": {
					"type": "bearer",
					"bearer": {
						"token": "{{token}}"
					}
				},
				"method": "GET",
				"header": [],
				"url": {
					"raw": "{{baseurl}}/api/v1/timeactivity/gettimesheetstatusperday?project_name=Krishna Kishore-Tcs&timesheet_date=2023-01-09",
					"host": [
						"{{baseurl}}"
					],
					"path": [
						"api",
						"v1",
						"timeactivity",
						"gettimesheetstatusperday"
					],
					"query": [
						{
							"key": "project_name",
							"value": "Krishna Kishore-Tcs"
						},
						{
							"key": "timesheet_date",
							"value": "2023-01-09"
						}
					]
				}
			},
			"response": []
		},
		{
			"name": "getapprovertimesheetstatusperday",
			"request": {
				"auth": {
					"type": "bearer",
					"bearer": {
						"token": "{{token}}"
					}
				},
				"method": "GET",
				"header": [],
				"url": {
					"raw": "{{baseurl}}/api/v1/timeactivity/getapprovertimesheetstatusperday?project_name=Krishna Kishore-Tcs&timesheet_date=2023-01-04&employee_name=Krishna Kishore",
					"host": [
						"{{baseurl}}"
					],
					"path": [
						"api",
						"v1",
						"timeactivity",
						"getapprovertimesheetstatusperday"
					],
					"query": [
						{
							"key": "project_name",
							"value": "Krishna Kishore-Tcs"
						},
						{
							"key": "timesheet_date",
							"value": "2023-01-04"
						},
						{
							"key": "employee_name",
							"value": "Krishna Kishore"
						}
					]
				}
			},
			"response": []
		},
		{
			"name": "gettimesheethistorybyemailandweek",
			"request": {
				"auth": {
					"type": "bearer",
					"bearer": {
						"token": "{{token}}"
					}
				},
				"method": "GET",
				"header": [],
				"url": {
					"raw": "{{baseurl}}/api/v1/timeactivity/gettimesheethistorybyemailandweek?week=2023-01-02T00:00:00Z-2023-01-08T00:00:00Z&project_name=Krishna Kishore-Thermofisher",
					"host": [
						"{{baseurl}}"
					],
					"path": [
						"api",
						"v1",
						"timeactivity",
						"gettimesheethistorybyemailandweek"
					],
					"query": [
						{
							"key": "week",
							"value": "2023-01-02T00:00:00Z-2023-01-08T00:00:00Z"
						},
						{
							"key": "project_name",
							"value": "Krishna Kishore-Thermofisher"
						}
					]
				}
			},
			"response": []
		}
	]
}