{
	"info": {
		"_postman_id": "0c10b8ec-7efd-494c-9509-8ad7e813c2aa",
		"name": "timeactivity approver",
		"schema": "https://schema.getpostman.com/json/collection/v2.0.0/collection.json",
		"_exporter_id": "23389875",
		"_collection_link": "https://msr-cosmos.postman.co/workspace/Timesheet~24d1fdf5-23b1-4123-8405-c20ac5a1bdef/collection/23389875-0c10b8ec-7efd-494c-9509-8ad7e813c2aa?action=share&source=collection_link&creator=23389875"
	},
	"item": [
		{
			"name": "getapprovertimesheetsbyempname",
			"request": {
				"auth": {
					"type": "bearer",
					"bearer": {
						"token": "{{token}}"
					}
				},
				"method": "GET",
				"header": [],
				"url": {
					"raw": "{{baseurl}}/api/v1/timeactivity/getapprovertimesheetsbyempname?employee_name=aryan vamsi&status=approve",
					"host": [
						"{{baseurl}}"
					],
					"path": [
						"api",
						"v1",
						"timeactivity",
						"getapprovertimesheetsbyempname"
					],
					"query": [
						{
							"key": "employee_name",
							"value": "aryan vamsi"
						},
						{
							"key": "week",
							"value": "2023-01-02T00:00:00Z-2023-01-08T00:00:00Z",
							"disabled": true
						},
						{
							"key": "status",
							"value": "approve"
						}
					]
				}
			},
			"response": []
		},
		{
			"name": "getapprovertimesheetsbyempname2",
			"request": {
				"auth": {
					"type": "bearer",
					"bearer": {
						"token": "{{token}}"
					}
				},
				"method": "GET",
				"header": [],
				"url": {
					"raw": "{{baseurl}}/api/v1/timeactivity/getapprovertimesheetsbyempname?employee_name=aryan vamsi&status=approve",
					"host": [
						"{{baseurl}}"
					],
					"path": [
						"api",
						"v1",
						"timeactivity",
						"getapprovertimesheetsbyempname"
					],
					"query": [
						{
							"key": "employee_name",
							"value": "aryan vamsi"
						},
						{
							"key": "week",
							"value": "2023-01-02T00:00:00Z-2023-01-08T00:00:00Z",
							"disabled": true
						},
						{
							"key": "status",
							"value": "approve"
						}
					]
				}
			},
			"response": []
		},
		{
			"name": "getapprovertimesheetsbyprojectname",
			"request": {
				"auth": {
					"type": "bearer",
					"bearer": {
						"token": "{{token}}"
					}
				},
				"method": "GET",
				"header": [],
				"url": {
					"raw": "{{baseurl}}/api/v1/timeactivity/getapprovertimesheetsbyprojectname?project_name=Krishna Kishore-Tcs&status=submit&week=2023-01-09T00:00:00Z-2023-01-15T00:00:00Z",
					"host": [
						"{{baseurl}}"
					],
					"path": [
						"api",
						"v1",
						"timeactivity",
						"getapprovertimesheetsbyprojectname"
					],
					"query": [
						{
							"key": "project_name",
							"value": "Krishna Kishore-Tcs"
						},
						{
							"key": "status",
							"value": "submit"
						},
						{
							"key": "week",
							"value": "2023-01-09T00:00:00Z-2023-01-15T00:00:00Z"
						}
					]
				}
			},
			"response": []
		},
		{
			"name": "getapprovertimesheetsbyyearandmonth",
			"request": {
				"auth": {
					"type": "bearer",
					"bearer": {
						"token": "{{token}}"
					}
				},
				"method": "GET",
				"header": [],
				"url": {
					"raw": "{{baseurl}}/api/v1/timeactivity/getapprovertimesheetsbyyearandmonth?employee_name=Vaishnavi bolliseti",
					"host": [
						"{{baseurl}}"
					],
					"path": [
						"api",
						"v1",
						"timeactivity",
						"getapprovertimesheetsbyyearandmonth"
					],
					"query": [
						{
							"key": "month",
							"value": "January",
							"disabled": true
						},
						{
							"key": "year",
							"value": "2023",
							"disabled": true
						},
						{
							"key": "employee_name",
							"value": "Vaishnavi bolliseti"
						}
					]
				}
			},
			"response": []
		},
		{
			"name": "gethourofapprovertimesheetstatusbyweek",
			"request": {
				"auth": {
					"type": "bearer",
					"bearer": {
						"token": "{{token}}"
					}
				},
				"method": "GET",
				"header": [],
				"url": {
					"raw": "{{baseurl}}/api/v1/timeactivity/gethourofapprovertimesheetstatusbyweek?week=2023-02-06T00:00:00Z-2023-02-12T00:00:00Z",
					"host": [
						"{{baseurl}}"
					],
					"path": [
						"api",
						"v1",
						"timeactivity",
						"gethourofapprovertimesheetstatusbyweek"
					],
					"query": [
						{
							"key": "week",
							"value": "2023-02-06T00:00:00Z-2023-02-12T00:00:00Z"
						}
					]
				}
			},
			"response": []
		},
		{
			"name": "gethourofapprovertimesheetstatus",
			"request": {
				"auth": {
					"type": "bearer",
					"bearer": {
						"token": "{{token}}"
					}
				},
				"method": "GET",
				"header": [],
				"url": "{{baseurl}}/api/v1/timeactivity/gethourofapprovertimesheetstatus"
			},
			"response": []
		},
		{
			"name": "getallapprovertimeactivitybystatus",
			"request": {
				"auth": {
					"type": "bearer",
					"bearer": {
						"token": "{{token}}"
					}
				},
				"method": "GET",
				"header": [],
				"url": {
					"raw": "{{baseurl}}/api/v1/timeactivity/getallapprovertimeactivitybystatus?status=submit",
					"host": [
						"{{baseurl}}"
					],
					"path": [
						"api",
						"v1",
						"timeactivity",
						"getallapprovertimeactivitybystatus"
					],
					"query": [
						{
							"key": "status",
							"value": "submit"
						},
						{
							"key": "week",
							"value": "2023-01-09T00:00:00Z-2023-01-15T00:00:00Z",
							"disabled": true
						}
					]
				}
			},
			"response": []
		},
		{
			"name": "getallapprovertimeactivitybydate",
			"request": {
				"auth": {
					"type": "bearer",
					"bearer": {
						"token": "{{token}}"
					}
				},
				"method": "GET",
				"header": [],
				"url": {
					"raw": "{{baseurl}}/api/v1/timeactivity/getallapprovertimeactivitybydate?date=2023-01-02",
					"host": [
						"{{baseurl}}"
					],
					"path": [
						"api",
						"v1",
						"timeactivity",
						"getallapprovertimeactivitybydate"
					],
					"query": [
						{
							"key": "date",
							"value": "2023-01-02"
						}
					]
				}
			},
			"response": []
		},
		{
			"name": "getapprovertimesheethistorybyweek",
			"request": {
				"auth": {
					"type": "bearer",
					"bearer": {
						"token": "{{token}}"
					}
				},
				"method": "GET",
				"header": [],
				"url": {
					"raw": "{{baseurl}}/api/v1/timeactivity/getapprovertimesheethistorybyweek?week=2023-01-02T00:00:00Z-2023-01-08T00:00:00Z&employee_name=Krishna Kishore&project_name=Krishna Kishore-Thermofisher",
					"host": [
						"{{baseurl}}"
					],
					"path": [
						"api",
						"v1",
						"timeactivity",
						"getapprovertimesheethistorybyweek"
					],
					"query": [
						{
							"key": "week",
							"value": "2023-01-02T00:00:00Z-2023-01-08T00:00:00Z"
						},
						{
							"key": "employee_name",
							"value": "Krishna Kishore"
						},
						{
							"key": "project_name",
							"value": "Krishna Kishore-Thermofisher"
						}
					]
				}
			},
			"response": []
		},
		{
			"name": "getapprovertimesheetweekbyempname",
			"request": {
				"auth": {
					"type": "bearer",
					"bearer": {
						"token": "{{token}}"
					}
				},
				"method": "GET",
				"header": [],
				"url": {
					"raw": "{{baseurl}}/api/v1/timeactivity/getapprovertimesheetweekbyempname?employee_name=Krishna Kishore&status=submit",
					"host": [
						"{{baseurl}}"
					],
					"path": [
						"api",
						"v1",
						"timeactivity",
						"getapprovertimesheetweekbyempname"
					],
					"query": [
						{
							"key": "employee_name",
							"value": "Krishna Kishore"
						},
						{
							"key": "status",
							"value": "submit"
						}
					]
				}
			},
			"response": []
		},
		{
			"name": "getallapprovertimeactivitybyweekandstatus",
			"request": {
				"auth": {
					"type": "bearer",
					"bearer": {
						"token": "{{token}}"
					}
				},
				"method": "GET",
				"header": [],
				"url": {
					"raw": "{{baseurl}}/api/v1/timeactivity/getallapprovertimeactivitybyweekandstatus?week=2023-02-06T00:00:00Z-2023-02-12T00:00:00Z&status=submit",
					"host": [
						"{{baseurl}}"
					],
					"path": [
						"api",
						"v1",
						"timeactivity",
						"getallapprovertimeactivitybyweekandstatus"
					],
					"query": [
						{
							"key": "week",
							"value": "2023-02-06T00:00:00Z-2023-02-12T00:00:00Z"
						},
						{
							"key": "status",
							"value": "submit"
						}
					]
				}
			},
			"response": []
		},
		{
			"name": "filterapprovertimeactivity",
			"request": {
				"auth": {
					"type": "bearer",
					"bearer": {
						"token": "{{token}}"
					}
				},
				"method": "GET",
				"header": [],
				"url": {
					"raw": "{{baseurl}}/api/v1/timeactivity/filterapprovertimeactivity?week=2023-01-02T00:00:00Z-2023-01-08T00:00:00Z",
					"host": [
						"{{baseurl}}"
					],
					"path": [
						"api",
						"v1",
						"timeactivity",
						"filterapprovertimeactivity"
					],
					"query": [
						{
							"key": "week",
							"value": "2023-01-02T00:00:00Z-2023-01-08T00:00:00Z"
						}
					]
				}
			},
			"response": []
		},
		{
			"name": "getapprovertimesheetweekbyprojectname",
			"request": {
				"auth": {
					"type": "bearer",
					"bearer": {
						"token": "{{token}}"
					}
				},
				"method": "GET",
				"header": [],
				"url": {
					"raw": "{{baseurl}}/api/v1/timeactivity/getapprovertimesheetweekbyprojectname?project_name=Krishna Kishore-Tcs&status=submit",
					"host": [
						"{{baseurl}}"
					],
					"path": [
						"api",
						"v1",
						"timeactivity",
						"getapprovertimesheetweekbyprojectname"
					],
					"query": [
						{
							"key": "project_name",
							"value": "Krishna Kishore-Tcs"
						},
						{
							"key": "status",
							"value": "submit"
						}
					]
				}
			},
			"response": []
		}
	]
}