{
	"info": {
		"_postman_id": "160ee494-730f-4f92-ac07-e4bf83b18874",
		"name": "Users",
		"schema": "https://schema.getpostman.com/json/collection/v2.0.0/collection.json",
		"_exporter_id": "23389875",
		"_collection_link": "https://msr-cosmos.postman.co/workspace/Timesheet~24d1fdf5-23b1-4123-8405-c20ac5a1bdef/collection/25371995-160ee494-730f-4f92-ac07-e4bf83b18874?action=share&source=collection_link&creator=23389875"
	},
	"item": [
		{
			"name": "getallusers",
			"request": {
				"auth": {
					"type": "bearer",
					"bearer": {
						"token": "{{token}}"
					}
				},
				"method": "GET",
				"header": [],
				"url": {
					"raw": "{{baseurl}}/api/v1/user2/getalluser?keyword=testing",
					"host": [
						"{{baseurl}}"
					],
					"path": [
						"api",
						"v1",
						"user2",
						"getalluser"
					],
					"query": [
						{
							"key": "pagenumber",
							"value": "1",
							"disabled": true
						},
						{
							"key": "pagesize",
							"value": "10",
							"disabled": true
						},
						{
							"key": "first_name",
							"value": "stt",
							"disabled": true
						},
						{
							"key": "middle_name",
							"value": "",
							"disabled": true
						},
						{
							"key": "last_name",
							"value": "Admin",
							"disabled": true
						},
						{
							"key": "full_name",
							"value": "stt Admin",
							"disabled": true
						},
						{
							"key": "email",
							"value": "stadmin@yopmail.com",
							"disabled": true
						},
						{
							"key": "user_status",
							"value": "ACTIVE",
							"disabled": true
						},
						{
							"key": "employee_id",
							"value": "TS0237",
							"disabled": true
						},
						{
							"key": "department_name",
							"value": "testing",
							"disabled": true
						},
						{
							"key": "employee_type",
							"value": "W2",
							"disabled": true
						},
						{
							"key": "record_type_status",
							"value": "Active",
							"disabled": true
						},
						{
							"key": "keyword",
							"value": "testing"
						}
					]
				}
			},
			"response": []
		},
		{
			"name": "getuserbyid",
			"request": {
				"auth": {
					"type": "bearer",
					"bearer": {
						"token": "{{token}}"
					}
				},
				"method": "GET",
				"header": [],
				"url": {
					"raw": "{{baseurl}}/api/v1/user2/getuserbyid?id=5",
					"host": [
						"{{baseurl}}"
					],
					"path": [
						"api",
						"v1",
						"user2",
						"getuserbyid"
					],
					"query": [
						{
							"key": "id",
							"value": "5"
						}
					]
				}
			},
			"response": []
		},
		{
			"name": "getuserbyemailexcludingid",
			"request": {
				"auth": {
					"type": "bearer",
					"bearer": {
						"token": "{{token}}"
					}
				},
				"method": "GET",
				"header": [],
				"url": {
					"raw": "{{baseurl}}/api/v1/user2/getuserbyemailexcludingid?id=26&email=anilkumar@yopmail.com",
					"host": [
						"{{baseurl}}"
					],
					"path": [
						"api",
						"v1",
						"user2",
						"getuserbyemailexcludingid"
					],
					"query": [
						{
							"key": "id",
							"value": "26"
						},
						{
							"key": "email",
							"value": "anilkumar@yopmail.com"
						}
					]
				}
			},
			"response": []
		},
		{
			"name": "getuserbyemail",
			"request": {
				"auth": {
					"type": "bearer",
					"bearer": {
						"token": "{{token}}"
					}
				},
				"method": "GET",
				"header": [],
				"url": {
					"raw": "{{baseurl}}/api/v1/user2/getuserbyemail?email=anilkumar@yopmail.com",
					"host": [
						"{{baseurl}}"
					],
					"path": [
						"api",
						"v1",
						"user2",
						"getuserbyemail"
					],
					"query": [
						{
							"key": "email",
							"value": "anilkumar@yopmail.com"
						}
					]
				}
			},
			"response": []
		},
		{
			"name": "searchusers",
			"request": {
				"auth": {
					"type": "bearer",
					"bearer": {
						"token": "{{token}}"
					}
				},
				"method": "GET",
				"header": [],
				"url": {
					"raw": "{{baseurl}}/api/v1/user2/searchusers?first_name=Anil",
					"host": [
						"{{baseurl}}"
					],
					"path": [
						"api",
						"v1",
						"user2",
						"searchusers"
					],
					"query": [
						{
							"key": "first_name",
							"value": "Anil"
						},
						{
							"key": "last_name",
							"value": "kumar",
							"disabled": true
						},
						{
							"key": "full_name",
							"value": "Anil kumar",
							"disabled": true
						},
						{
							"key": "email",
							"value": "anilkumar@yopmail.com",
							"disabled": true
						},
						{
							"key": "user_status",
							"value": "ACTIVE",
							"disabled": true
						},
						{
							"key": "employee_id",
							"value": "4544",
							"disabled": true
						}
					]
				}
			},
			"response": []
		},
		{
			"name": "filterusers",
			"request": {
				"auth": {
					"type": "bearer",
					"bearer": {
						"token": "{{token}}"
					}
				},
				"method": "GET",
				"header": [],
				"url": {
					"raw": "{{baseurl}}/api/v1/user2/filterusers?full_name=nirmala devi",
					"host": [
						"{{baseurl}}"
					],
					"path": [
						"api",
						"v1",
						"user2",
						"filterusers"
					],
					"query": [
						{
							"key": "pagenumber",
							"value": "1",
							"disabled": true
						},
						{
							"key": "pagesize",
							"value": "10",
							"disabled": true
						},
						{
							"key": "first_name",
							"value": "nirmala",
							"disabled": true
						},
						{
							"key": "middle_name",
							"value": "",
							"disabled": true
						},
						{
							"key": "last_name",
							"value": "devi",
							"disabled": true
						},
						{
							"key": "full_name",
							"value": "nirmala devi"
						},
						{
							"key": "email",
							"value": "nirmaladevi@yopmail.com",
							"disabled": true
						},
						{
							"key": "user_status",
							"value": "ACTIVE",
							"disabled": true
						},
						{
							"key": "employee_id",
							"value": "TSD0298",
							"disabled": true
						},
						{
							"key": "department_name",
							"value": "code view",
							"disabled": true
						},
						{
							"key": "employee_type",
							"value": "W2",
							"disabled": true
						},
						{
							"key": "record_type_status",
							"value": "Active",
							"disabled": true
						}
					]
				}
			},
			"response": []
		},
		{
			"name": "insertuser",
			"request": {
				"auth": {
					"type": "bearer",
					"bearer": {
						"token": "{{token}}"
					}
				},
				"method": "POST",
				"header": [
					{
						"key": "Content-Type",
						"value": "application/json",
						"type": "text"
					}
				],
				"body": {
					"mode": "raw",
					"raw": "{\r\n\"employee_type\": \"Internal\",\r\n\"role_id\": 1,\r\n\"prefix\":\"Mr\",\r\n\"first_name\": \"Samaira2\",\r\n\"middle_name\": \"\",\r\n\"last_name\": \"Reddy\",\r\n\"email\": \"samaira3@yopmail.com\",\r\n\"gender\": \"FEMALE\",\r\n\"adp_associate_id\": \"ADP0910\",\r\n\"phone_number\": \"1234567891\",\r\n\"branch_id\": null,\r\n\"branch_name\": null,\r\n\"department_id\": null,\r\n\"department_name\": null,\r\n\"employee_id\": \"MSR0101\",\r\n\"ecdb_user_id\": \"8910910\",\r\n\"prospective_user_id\": \"23450910\",\r\n\"joining_date\" :\"2022-12-20\",\r\n\"leaving_date\": null,\r\n\"qb_employee_name\": null,\r\n\"qb_employee_id\": null,\r\n\"user_status\": \"Active\",\r\n\"work_location\": \"Hyderabad\",\r\n\"work_country\": \"India\",\r\n\"work_state\": \"Telangana\",\r\n\"work_city\": \"Hyderabad\",\r\n\"work_street_address\": \"test\",\r\n\"work_status\": null,\r\n\"permanent_address\":\"Bihar\",\r\n\"work_address\":\"Hyderabad\",\r\n\"zipcode\": \"123456\",\r\n\"email_notifications\": true,\r\n\"push_notifications\": true,\r\n\"adp_validated\": false\r\n}",
					"options": {
						"raw": {
							"language": "json"
						}
					}
				},
				"url": "{{baseurl}}/api/v1/user2/insertuser"
			},
			"response": []
		},
		{
			"name": "edituser",
			"request": {
				"auth": {
					"type": "bearer",
					"bearer": {
						"token": "{{token}}"
					}
				},
				"method": "PUT",
				"header": [
					{
						"key": "Content-Type",
						"value": "application/json",
						"type": "text"
					}
				],
				"body": {
					"mode": "raw",
					"raw": "{\r\n    \"id\":793,\r\n\"employee_type\": \"Internal\",\r\n\"role_id\": 1,\r\n\"prefix\":\"Mr\",\r\n\"first_name\": \"Samaira2\",\r\n\"middle_name\": \"\",\r\n\"last_name\": \"Reddy\",\r\n\"email\": \"samaira2@yopmail.com\",\r\n\"gender\": \"MALE\",\r\n\"adp_associate_id\": \"ADP099\",\r\n\"phone_number\": \"1234567891\",\r\n\"branch_id\": null,\r\n\"branch_name\": null,\r\n\"department_id\": null,\r\n\"department_name\": null,\r\n\"employee_id\": \"MSR0101\",\r\n\"ecdb_user_id\": \"891099\",\r\n\"prospective_user_id\": \"2345099\",\r\n\"joining_date\" :\"2022-12-20\",\r\n\"leaving_date\": null,\r\n\"qb_employee_name\": null,\r\n\"qb_employee_id\": null,\r\n\"user_status\": \"Active\",\r\n\"work_location\": \"Hyderabad\",\r\n\"work_country\": \"India\",\r\n\"work_state\": \"Telangana\",\r\n\"work_city\": \"Hyderabad\",\r\n\"work_street_address\": \"test\",\r\n\"work_status\": null,\r\n\"permanent_address\":\"Delhi\",\r\n\"work_address\":\"Telangana\",\r\n\"zipcode\": \"123456\",\r\n\"email_notifications\": true,\r\n\"push_notifications\": true,\r\n\"adp_validated\": false\r\n}\r\n",
					"options": {
						"raw": {
							"language": "json"
						}
					}
				},
				"url": "{{baseurl}}/api/v1/user2/edituser"
			},
			"response": []
		},
		{
			"name": "Get User2 By Prospective USER ID",
			"request": {
				"auth": {
					"type": "bearer",
					"bearer": {
						"token": "{{token}}"
					}
				},
				"method": "GET",
				"header": [],
				"url": {
					"raw": "{{baseurl}}/api/v1/user2/get_user_by_prospective_user_id?prospective_user_id=85782",
					"host": [
						"{{baseurl}}"
					],
					"path": [
						"api",
						"v1",
						"user2",
						"get_user_by_prospective_user_id"
					],
					"query": [
						{
							"key": "prospective_user_id",
							"value": "85782"
						}
					]
				}
			},
			"response": []
		},
		{
			"name": "Get User2 By ECDB USER ID",
			"request": {
				"auth": {
					"type": "bearer",
					"bearer": {
						"token": "{{token}}"
					}
				},
				"method": "GET",
				"header": [],
				"url": {
					"raw": "{{baseurl}}/api/v1/user2/get_user_by_ecdb_user_id?ecdb_user_id=2485",
					"host": [
						"{{baseurl}}"
					],
					"path": [
						"api",
						"v1",
						"user2",
						"get_user_by_ecdb_user_id"
					],
					"query": [
						{
							"key": "ecdb_user_id",
							"value": "2485"
						}
					]
				}
			},
			"response": []
		},
		{
			"name": "Get User2 By Prospective USER ID Excluding ID",
			"request": {
				"auth": {
					"type": "bearer",
					"bearer": {
						"token": "{{token}}"
					}
				},
				"method": "GET",
				"header": [],
				"url": {
					"raw": "{{baseurl}}/api/v1/user2/get_user_by_prospective_user_id_excluding_id?prospective_user_id=85782&id=23",
					"host": [
						"{{baseurl}}"
					],
					"path": [
						"api",
						"v1",
						"user2",
						"get_user_by_prospective_user_id_excluding_id"
					],
					"query": [
						{
							"key": "prospective_user_id",
							"value": "85782"
						},
						{
							"key": "id",
							"value": "23"
						}
					]
				}
			},
			"response": []
		},
		{
			"name": "Get User2 By ECDB USER ID Excluding ID",
			"request": {
				"auth": {
					"type": "bearer",
					"bearer": {
						"token": "{{token}}"
					}
				},
				"method": "GET",
				"header": [],
				"url": {
					"raw": "{{baseurl}}/api/v1/user2/get_user_by_ecdb_user_id_excluding_id?ecdb_user_id=2485&id=23",
					"host": [
						"{{baseurl}}"
					],
					"path": [
						"api",
						"v1",
						"user2",
						"get_user_by_ecdb_user_id_excluding_id"
					],
					"query": [
						{
							"key": "ecdb_user_id",
							"value": "2485"
						},
						{
							"key": "id",
							"value": "23"
						}
					]
				}
			},
			"response": []
		},
		{
			"name": "Export - Get All Export Users",
			"protocolProfileBehavior": {
				"disableBodyPruning": true
			},
			"request": {
				"auth": {
					"type": "bearer",
					"bearer": {
						"token": "{{token}}"
					}
				},
				"method": "GET",
				"header": [
					{
						"key": "Content-Type",
						"value": "application/json",
						"type": "text"
					}
				],
				"body": {
					"mode": "raw",
					"raw": "",
					"options": {
						"raw": {
							"language": "json"
						}
					}
				},
				"url": {
					"raw": "{{baseurl}}/api/v1/user2/export_all_users",
					"host": [
						"{{baseurl}}"
					],
					"path": [
						"api",
						"v1",
						"user2",
						"export_all_users"
					],
					"query": [
						{
							"key": "first_name",
							"value": "stt",
							"disabled": true
						},
						{
							"key": "middle_name",
							"value": "",
							"disabled": true
						},
						{
							"key": "last_name",
							"value": "Admin",
							"disabled": true
						},
						{
							"key": "full_name",
							"value": "stt Admin",
							"disabled": true
						},
						{
							"key": "email",
							"value": "stadmin@yopmail.com",
							"disabled": true
						},
						{
							"key": "user_status",
							"value": "ACTIVE",
							"disabled": true
						},
						{
							"key": "employee_id",
							"value": "TS0237",
							"disabled": true
						},
						{
							"key": "department_name",
							"value": "testing",
							"disabled": true
						},
						{
							"key": "employee_type",
							"value": "W2",
							"disabled": true
						},
						{
							"key": "record_type_status",
							"value": "Active",
							"disabled": true
						},
						{
							"key": "keyword",
							"value": "testing",
							"disabled": true
						}
					]
				}
			},
			"response": []
		},
		{
			"name": "Get User By Id Excluding ADP Associate Id",
			"protocolProfileBehavior": {
				"disableBodyPruning": true
			},
			"request": {
				"auth": {
					"type": "bearer",
					"bearer": {
						"token": "{{token}}"
					}
				},
				"method": "GET",
				"header": [
					{
						"key": "Content-Type",
						"value": "application/json",
						"type": "text"
					}
				],
				"body": {
					"mode": "raw",
					"raw": "",
					"options": {
						"raw": {
							"language": "json"
						}
					}
				},
				"url": {
					"raw": "{{baseurl}}/api/v1/user2/get_user_by_adp_associate_id_excluding_id?id=640&adp_associate_id=ADP0001",
					"host": [
						"{{baseurl}}"
					],
					"path": [
						"api",
						"v1",
						"user2",
						"get_user_by_adp_associate_id_excluding_id"
					],
					"query": [
						{
							"key": "id",
							"value": "640"
						},
						{
							"key": "adp_associate_id",
							"value": "ADP0001"
						}
					]
				}
			},
			"response": []
		},
		{
			"name": "Get User By ADP Associate Id",
			"protocolProfileBehavior": {
				"disableBodyPruning": true
			},
			"request": {
				"auth": {
					"type": "bearer",
					"bearer": {
						"token": "{{token}}"
					}
				},
				"method": "GET",
				"header": [
					{
						"key": "Content-Type",
						"value": "application/json",
						"type": "text"
					}
				],
				"body": {
					"mode": "raw",
					"raw": "",
					"options": {
						"raw": {
							"language": "json"
						}
					}
				},
				"url": {
					"raw": "{{baseurl}}/api/v1/user2/get_user_by_adp_associate_id?adp_associate_id=ADP0001",
					"host": [
						"{{baseurl}}"
					],
					"path": [
						"api",
						"v1",
						"user2",
						"get_user_by_adp_associate_id"
					],
					"query": [
						{
							"key": "adp_associate_id",
							"value": "ADP0001"
						}
					]
				}
			},
			"response": []
		},
		{
			"name": "get users list",
			"protocolProfileBehavior": {
				"disableBodyPruning": true
			},
			"request": {
				"auth": {
					"type": "bearer",
					"bearer": {
						"token": "{{token}}"
					}
				},
				"method": "GET",
				"header": [
					{
						"key": "Content-Type",
						"value": "application/json",
						"type": "text"
					}
				],
				"body": {
					"mode": "raw",
					"raw": "",
					"options": {
						"raw": {
							"language": "json"
						}
					}
				},
				"url": "{{baseurl}}/api/v1/user2/get_users_list"
			},
			"response": []
		},
		{
			"name": "Reset Employee Id",
			"request": {
				"auth": {
					"type": "bearer",
					"bearer": {
						"token": "{{token}}"
					}
				},
				"method": "PUT",
				"header": [
					{
						"key": "Content-Type",
						"value": "application/json",
						"type": "text"
					}
				],
				"body": {
					"mode": "raw",
					"raw": "",
					"options": {
						"raw": {
							"language": "json"
						}
					}
				},
				"url": "{{baseurl}}/api/v1/user2/reset_employee_id"
			},
			"response": []
		}
	]
}