{
	"info": {
		"_postman_id": "244c3c82-99ab-45ba-8eb1-872615079ec9",
		"name": "User Logs",
		"schema": "https://schema.getpostman.com/json/collection/v2.0.0/collection.json",
		"_exporter_id": "23389875",
		"_collection_link": "https://msr-cosmos.postman.co/workspace/Timesheet~24d1fdf5-23b1-4123-8405-c20ac5a1bdef/collection/23389875-244c3c82-99ab-45ba-8eb1-872615079ec9?action=share&source=collection_link&creator=23389875"
	},
	"item": [
		{
			"name": "Export All User Logs",
			"request": {
				"auth": {
					"type": "bearer",
					"bearer": {
						"token": "{{token}}"
					}
				},
				"method": "GET",
				"header": [],
				"url": {
					"raw": "{{baseurl}}/api/v1/user_logs/export_all_user_logs?user_id=207&start_date=2023-05-19&end_date=2023-05-22",
					"host": [
						"{{baseurl}}"
					],
					"path": [
						"api",
						"v1",
						"user_logs",
						"export_all_user_logs"
					],
					"query": [
						{
							"key": "record_type_status",
							"value": "Active",
							"disabled": true
						},
						{
							"key": "keyword",
							"value": "Timesheets Admin",
							"disabled": true
						},
						{
							"key": "user_id",
							"value": "207"
						},
						{
							"key": "start_date",
							"value": "2023-05-19"
						},
						{
							"key": "end_date",
							"value": "2023-05-22"
						},
						{
							"key": "browser_details",
							"value": "{\"mobile\":false}",
							"disabled": true
						},
						{
							"key": "ip_address",
							"value": "::1",
							"disabled": true
						}
					]
				}
			},
			"response": []
		},
		{
			"name": "Get All User Logs",
			"request": {
				"auth": {
					"type": "bearer",
					"bearer": {
						"token": "{{token}}"
					}
				},
				"method": "GET",
				"header": [],
				"url": {
					"raw": "{{baseurl}}/api/v1/user_logs/get_all_user_logs?user_id=207&start_date=2023-05-19&end_date=2023-05-22",
					"host": [
						"{{baseurl}}"
					],
					"path": [
						"api",
						"v1",
						"user_logs",
						"get_all_user_logs"
					],
					"query": [
						{
							"key": "pagenumber",
							"value": "1",
							"disabled": true
						},
						{
							"key": "pagesize",
							"value": "25",
							"disabled": true
						},
						{
							"key": "record_type_status",
							"value": "Active",
							"disabled": true
						},
						{
							"key": "keyword",
							"value": "testemployee",
							"disabled": true
						},
						{
							"key": "user_id",
							"value": "207"
						},
						{
							"key": "start_date",
							"value": "2023-05-19"
						},
						{
							"key": "end_date",
							"value": "2023-05-22"
						},
						{
							"key": "browser_details",
							"value": "{\"mobile\":false}",
							"disabled": true
						},
						{
							"key": "ip_address",
							"value": "::1",
							"disabled": true
						}
					]
				}
			},
			"response": []
		}
	]
}